Time (s),Latitude (°),Longitude (°),Altitude (m),Altitude WGS84 (m),Speed (m/s),Direction (°),Distance (km),Horizontal Accuracy (m),Vertical Accuracy (m),Satellites
0.057308615,64.9743219,25.7122055,,,,,0.0,683.85302734375,0.0,-1
0.32889838400000004,64.9743219,25.7122055,,,,,0.0,685.7570190429688,0.0,-1
0.347835,64.9743219,25.7122055,,,,,1.1123842355091291,685.8900146484375,0.0,-1
1.18277103,64.98103166666667,25.694665,34.09686291952292,51.599999999999994,3.130025863647461,70.0999984741211,1.114033807222927,7.400000095367432,22.0,14
1.68277103,64.98104333333335,25.694643333333335,34.59687722843242,52.099999999999994,2.804206609725952,71.75,1.1168180965028915,2.5,19.399999618530273,18
2.18277103,64.98101833333334,25.694639999999996,33.99685314232161,51.5,3.01472806930542,76.72000122070312,1.1176850922552348,2.0999999046325684,19.5,20
2.68277103,64.98102166666666,25.694656666666667,34.2968542100498,51.8,2.7578816413879395,75.79000091552734,1.1183472012791495,2.0999999046325684,20.0,20
3.18277103,64.981025,25.694668333333333,34.59685593855349,52.099999999999994,2.8186187744140625,74.52999877929688,1.1206871524600033,2.0,20.5,21
4.1827710300000005,64.98102,25.694716666666668,36.896844645964,54.4,2.825310230255127,85.95999908447266,1.126282649643419,1.899999976158142,19.200000762939453,24
5.93977103,64.98099166666665,25.694815000000002,36.896803852859485,54.4,2.51647686958313,103.66000366210938,1.1287535533706279,2.0,18.799999237060547,29
6.9327710300000005,64.98097,25.694826666666668,35.396781053324794,52.9,2.6719231605529785,125.91000366210938,1.132518389565009,2.0,17.5,27
7.9327710300000005,64.98093833333334,25.694855,33.896746239417105,51.4,2.5483896732330322,121.51000213623047,1.1362624740318563,1.7999999523162842,15.899999618530273,27
8.932771030000001,64.98091333333333,25.694908333333334,33.49671466127401,51.0,2.329118013381958,124.72000122070312,1.1393868743885471,1.7000000476837158,14.399999618530273,28
9.932771030000001,64.98089333333334,25.694954999999997,32.996688869375205,50.5,2.692512035369873,131.08999633789062,1.142398927671397,1.7000000476837158,13.800000190734863,29
10.932771030000001,64.98087833333334,25.69500833333333,33.09666710147148,50.599999999999994,2.845384359359741,120.48999786376953,1.1459437327439448,1.7000000476837158,12.699999809265137,27
11.932771030000001,64.98085999999999,25.69507,32.89664096070478,50.4,2.458313226699829,127.19999694824219,1.1488161364674245,1.600000023841858,12.699999809265137,28
12.932771030000001,64.98084333333333,25.695116666666664,32.696618437678,50.2,3.108922243118286,131.19000244140625,1.151871956338383,1.7000000476837158,12.100000381469727,29
13.932771030000001,64.98082666666666,25.69516833333333,32.59659525308639,50.099999999999994,3.0728917121887207,119.5999984741211,1.1552271309831172,1.7000000476837158,11.800000190734863,28
14.932771030000001,64.98080833333333,25.695224999999997,32.2965697714275,49.8,3.600996732711792,130.07000732421875,1.157023459379789,1.899999976158142,12.5,28
15.432771030000001,64.98079833333333,25.695254999999996,31.796555992258277,49.3,3.325620174407959,128.52000427246094,1.158548215857162,2.0,13.199999809265137,29
15.932771030000001,64.98079166666666,25.695283333333336,31.596545704174986,49.099999999999994,3.3127522468566895,128.27000427246094,1.1606495872841773,2.0999999046325684,14.199999809265137,27
16.43277103,64.98077833333333,25.695314999999997,31.096528433336687,48.599999999999994,3.388416290283203,141.47000122070312,1.1621652493935895,2.200000047683716,14.899999618530273,29
16.93277103,64.98076666666665,25.695331666666668,31.096514781185974,48.599999999999994,3.1619386672973633,147.64999389648438,1.165729028167023,2.200000047683716,15.800000190734863,29
17.93277103,64.98073666666666,25.695358333333335,30.496481816126987,48.0,2.7383222579956055,167.49000549316406,1.1698963353693697,2.200000047683716,16.200000762939453,31
18.93277103,64.9807,25.695376666666668,30.99644341062799,48.5,3.223705291748047,194.07000732421875,1.1728873181839072,1.899999976158142,13.5,32
19.93277103,64.98067333333333,25.69536833333333,30.496418344755583,48.0,3.2036311626434326,200.52999877929688,1.1758480426339808,1.7000000476837158,14.100000381469727,33
20.93277103,64.98064833333333,25.69534666666667,30.2963966781208,47.8,3.190762996673584,201.80999755859375,1.1784011539154733,1.600000023841858,13.899999618530273,33
21.93277103,64.98062833333333,25.69532,29.996380579645603,47.5,3.155761957168579,215.39999389648438,1.1816848699148623,1.600000023841858,14.0,34
22.93277103,64.98060166666667,25.69529,30.096358380632594,47.599999999999994,3.104804515838623,211.1999969482422,1.1851149874061637,1.7000000476837158,14.899999618530273,34
23.93277103,64.980575,25.695253333333334,30.096337064095962,47.599999999999994,3.0878186225891113,211.7100067138672,1.1881875816494716,1.7000000476837158,15.899999618530273,34
24.93277103,64.98055166666667,25.695218333333333,30.096318798524905,47.599999999999994,3.0744359493255615,216.22999572753906,1.1911408990339343,2.0,15.699999809265137,34
25.93277103,64.98052833333333,25.69518833333333,29.69629987193889,47.2,3.0492143630981445,206.33999633789062,1.1944949549458441,2.0999999046325684,16.799999237060547,33
26.93277103,64.98050166666667,25.695155,29.396278116093704,46.9,3.104804515838623,214.3000030517578,1.1986619673002412,2.200000047683716,17.0,34
27.93277103,64.98046666666667,25.69512333333333,27.996247963448,45.5,3.12848162651062,206.0500030517578,1.2024141182425052,1.899999976158142,16.200000762939453,34
28.93277103,64.98043833333332,25.69508,27.39622589686156,44.9,3.145467519760132,223.30999755859375,1.2059682627874335,1.7000000476837158,16.5,33
29.93277103,64.98041166666667,25.695038333333333,26.596205245812897,44.099999999999994,3.202086925506592,220.30999755859375,1.2095980825094326,1.600000023841858,15.300000190734863,33
30.93277103,64.98038333333334,25.694999999999997,25.696182518999976,43.2,3.2973105907440186,215.3800048828125,1.2130918136645337,1.600000023841858,13.199999809265137,34
31.93277103,64.98035833333333,25.694954999999997,25.09616394587549,42.599999999999994,3.3909900188446045,224.72999572753906,1.2166335713698206,1.600000023841858,13.899999618530273,34
32.932771030000005,64.98033333333333,25.694908333333334,24.096145594099994,41.599999999999994,3.364224433898926,224.9600067138672,1.220428867667353,1.600000023841858,9.399999618530273,34
33.932771030000005,64.980305,25.694863333333334,23.096123751994597,40.599999999999994,3.4012844562530518,214.27000427246094,1.2243846835739474,1.600000023841858,9.600000381469727,34
34.932771030000005,64.98027333333333,25.694824999999998,22.196097757701978,39.7,3.458418607711792,217.86000061035156,1.2288146701707294,1.7999999523162842,10.300000190734863,35
35.932771030000005,64.98023833333333,25.694779999999998,21.496069376511585,39.0,3.538200616836548,205.9199981689453,1.2323692471441166,1.7000000476837158,9.699999809265137,34
36.932771030000005,64.98021,25.694744999999998,20.296046212849774,37.8,3.5273914337158203,216.33999633789062,1.236161044354784,1.7000000476837158,10.0,32
37.932771030000005,64.98018,25.69470666666667,19.09602185609279,36.599999999999994,3.6061439514160156,211.47000122070312,1.2405929650519885,1.7000000476837158,10.0,32
38.932771030000005,64.98014666666667,25.694654999999997,18.09599599560559,35.599999999999994,3.659674882888794,220.19000244140625,1.244077726690709,1.7000000476837158,9.800000190734863,32
39.932771030000005,64.98011833333334,25.694623333333332,16.995972392658615,34.5,3.663278102874756,213.14999389648438,1.2471604434256567,1.7000000476837158,9.800000190734863,32
40.932771030000005,64.98009333333333,25.694594999999996,16.095951618952796,33.599999999999994,3.6035702228546143,208.22000122070312,1.2502659225396635,1.7000000476837158,10.100000381469727,30
41.932771030000005,64.98007166666666,25.694553333333335,15.195935881928378,32.7,3.560333728790283,210.9499969482422,1.2535167460157013,1.7000000476837158,9.899999618530273,30
42.932771030000005,64.980045,25.694525,14.595913474174495,32.099999999999994,3.557760000228882,203.8800048828125,1.2575088989291636,1.7999999523162842,10.399999618530273,31
43.932771030000005,64.98001333333333,25.694485,14.395887707375188,31.9,3.4980521202087402,203.75999450683594,1.2606262981190515,1.7999999523162842,10.0,32
44.932771030000005,64.97998833333332,25.694455,13.995867156560081,31.5,3.360621452331543,203.4600067138672,1.2632126117408047,1.7999999523162842,10.699999809265137,33
45.932771030000005,64.97996666666667,25.694435,13.595848551301987,31.099999999999998,3.1881895065307617,193.72999572753906,1.266432104270441,2.0,10.800000190734863,31
46.932771030000005,64.97994,25.69440833333333,13.795825924702015,31.299999999999997,3.0039188861846924,185.30999755859375,1.2688467240332981,1.899999976158142,10.399999618530273,33
47.932771030000005,64.97991999999999,25.694388333333336,14.295808955054397,31.799999999999997,2.7856767177581787,181.86000061035156,1.272227391490669,2.0,10.399999618530273,33
48.932771030000005,64.97989,25.694376666666667,14.895781071615609,32.4,2.610156297683716,174.6999969482422,1.2746480627084935,1.899999976158142,11.199999809265137,34
49.932771030000005,64.97986833333333,25.694371666666665,15.595760479704666,33.099999999999994,2.364119052886963,166.9199981689453,1.2773584195209187,1.899999976158142,10.399999618530273,34
50.932771030000005,64.979845,25.694355000000005,16.295739799091905,33.8,2.1736719608306885,177.7899932861328,1.279042836934768,1.7999999523162842,10.800000190734863,35
51.932771030000005,64.97982999999999,25.69436,16.69572442185121,34.2,2.0228583812713623,162.64999389648438,1.2816385688857306,1.7999999523162842,10.699999809265137,34
52.932771030000005,64.97980666666668,25.694358333333337,17.795701753393985,35.3,1.8900599479675293,157.99000549316406,1.2833519162389726,1.7999999523162842,10.199999809265137,33
53.932771030000005,64.97979166666667,25.694366666666664,18.395685934249975,35.9,1.7840272188186646,151.19000244140625,1.2857052299132783,1.7999999523162842,10.600000381469727,32
54.932771030000005,64.97977333333333,25.694391666666668,18.995664635875997,36.5,1.7670414447784424,147.5399932861328,1.2876881975591303,1.7999999523162842,10.600000381469727,33
55.932771030000005,64.97975666666666,25.69440666666667,19.095646297778387,36.599999999999994,1.682112216949463,154.4499969482422,1.2897003827874471,1.7999999523162842,10.399999618530273,33
56.932771030000005,64.97973999999999,25.69442333333333,19.495627738578392,37.0,1.6465964317321777,140.0,1.2920155342808577,1.7999999523162842,10.800000190734863,34
57.932771030000005,64.97972166666666,25.694446666666668,20.095606660399596,37.599999999999994,1.6501994132995605,151.58999633789062,1.2953743243203748,1.7999999523162842,9.899999618530273,34
58.932771030000005,64.97969166666667,25.694455,20.695576125545514,38.2,1.6146836280822754,164.02000427246094,1.2976894767551455,1.7999999523162842,10.399999618530273,33
59.932771030000005,64.97967333333332,25.694478333333336,20.695555046813183,38.2,1.6857153177261353,147.66000366210938,1.3008555615028659,1.7999999523162842,10.899999618530273,33
60.932771030000005,64.97964499999999,25.694485,21.095526367535285,38.599999999999994,1.7258635759353638,158.35000610351562,1.304045344770036,1.899999976158142,10.100000381469727,32
61.932771030000005,64.97961833333333,25.694509999999998,21.395496892093384,38.9,1.7598352432250977,150.75999450683594,1.3073848739472775,1.899999976158142,10.600000381469727,32
62.932771030000005,64.97958833333334,25.69451333333333,21.895467019411605,39.4,1.8267492055892944,168.24000549316406,1.3104519190298987,1.899999976158142,11.100000381469727,31
63.932771030000005,64.97956166666667,25.69453,22.195438648449397,39.7,1.885427474975586,162.8300018310547,1.3137027529232002,1.899999976158142,11.0,32
64.93277103,64.979535,25.69455833333333,22.495408729841486,40.0,1.985283613204956,153.69000244140625,1.3174405919389192,1.7999999523162842,11.100000381469727,31
65.93277103,64.97950333333333,25.694585,22.695374126581783,40.2,2.145876884460449,159.1300048828125,1.3209253688869618,1.7999999523162842,10.600000381469727,31
66.93277103,64.97947500000001,25.69461666666667,22.79534212970499,40.3,2.2972052097320557,162.2100067138672,1.3256158677045768,1.7999999523162842,10.5,32
67.93277103,64.979435,25.69464833333333,22.99529868647609,40.5,2.4397833347320557,158.80999755859375,1.3298456769855862,1.899999976158142,9.600000381469727,35
68.93277103,64.97940166666667,25.694691666666667,23.295260235073513,40.8,2.6173624992370605,157.11000061035156,1.3341683011857297,1.7999999523162842,9.699999809265137,33
69.93277103,64.97936666666666,25.694731666666666,23.295220589861998,40.8,2.7594258785247803,150.80999755859375,1.3380552095224243,1.7999999523162842,9.600000381469727,32
70.93277103,64.979335,25.69476666666667,23.39518487757399,40.9,2.9179601669311523,153.30999755859375,1.3419095795062894,1.7999999523162842,9.199999809265137,32
71.93277103,64.97930333333333,25.6948,23.995149385744,41.5,2.977668046951294,154.52000427246094,1.3456474221670829,1.7000000476837158,8.899999618530273,31
72.93277103,64.97927166666666,25.694826666666668,24.095114778003207,41.599999999999994,2.9961979389190674,158.6199951171875,1.348582111749772,1.899999976158142,9.399999618530273,30
73.93277103,64.97924666666667,25.694846666666663,24.495087595425602,42.0,2.9436964988708496,158.66000366210938,1.3514500978149773,1.899999976158142,9.600000381469727,30
74.93277103,64.97922166666667,25.694861666666664,24.695061076184913,42.2,2.8031771183013916,157.72000122070312,1.3539604777918575,1.899999976158142,9.600000381469727,30
75.93277103,64.9792,25.694876666666666,25.09503782716797,42.599999999999994,2.698688507080078,162.9199981689453,1.3574059509238945,1.7999999523162842,10.0,32
76.93277103,64.97917000000001,25.694894999999995,25.195005959236596,42.7,2.621994972229004,161.69000244140625,1.360193421464692,1.899999976158142,9.5,32
77.93277103,64.97914666666667,25.694916666666668,25.394980189440012,42.9,2.575155258178711,155.4199981689453,1.36364543632325,1.899999976158142,9.5,32
78.93277103,64.97911833333333,25.69494666666667,25.594948407135192,43.099999999999994,2.4027233123779297,156.2100067138672,1.3663794973918604,1.899999976158142,10.100000381469727,34
79.93277103000001,64.979095,25.694965000000003,25.594923079162697,43.099999999999994,2.264263153076172,162.61000061035156,1.3701849585372656,1.899999976158142,9.5,34
80.93277103000001,64.97906166666667,25.694983333333333,25.994887939167,43.5,2.186539888381958,164.35000610351562,1.375109971162479,2.0,9.899999618530273,31
81.93277103000001,64.97901833333334,25.695005,25.794842544309688,43.3,2.2457330226898193,165.10000610351562,1.3807926784348585,2.0,9.600000381469727,30
82.93277103000001,64.97896833333333,25.695029999999996,25.59479016487218,43.099999999999994,2.4140472412109375,168.72999572753906,1.3849304060475287,2.0,9.5,31
83.93277103000001,64.97893166666667,25.695044999999997,25.394752195523687,42.9,2.606553316116333,171.5800018310547,1.388900378101996,2.200000047683716,10.199999809265137,31
84.93277103000001,64.97889666666667,25.695061666666668,24.994715639755412,42.5,2.7877354621887207,175.8000030517578,1.3937417222345527,2.200000047683716,10.800000190734863,30
85.93277103000001,64.97885333333333,25.695051666666668,24.094674449604796,41.599999999999994,2.948328971862793,192.86000061035156,1.3987454939335822,1.899999976158142,10.100000381469727,32
86.93277103000001,64.97880833333333,25.695051666666668,24.19463029575151,41.7,3.1156136989593506,191.64999389648438,1.4027400045561347,2.0,9.800000190734863,32
87.93277103000001,64.978775,25.69502,24.39460179696197,41.9,3.2247347831726074,203.35000610351562,1.4064502358631195,2.200000047683716,10.399999618530273,33
88.93277103000001,64.97874666666667,25.69497833333333,24.194579533598386,41.7,3.392019510269165,211.75,1.4110823007061866,2.200000047683716,11.0,32
89.93277103000001,64.97871666666667,25.694909999999997,24.09455917962198,41.599999999999994,3.5165822505950928,220.1199951171875,1.415273935861385,2.0,9.899999618530273,31
90.93277103000001,64.97869333333333,25.69484,24.194545589337594,41.7,3.622615098953247,231.3000030517578,1.4200396900104748,1.899999976158142,9.800000190734863,30
91.93277103000001,64.97867,25.694755,24.394533993775404,41.9,3.7276182174682617,242.3300018310547,1.4260277466759514,1.899999976158142,10.199999809265137,31
92.93277103000001,64.97863666666667,25.694654999999997,24.794514582593393,42.3,3.7507808208465576,240.83999633789062,1.4311729487042957,2.0,9.699999809265137,30
93.93277103000001,64.978615,25.69455833333333,25.0945061758935,42.599999999999994,3.7960762977600098,252.0399932861328,1.4353603075264114,2.0,10.399999618530273,31
94.93277103000001,64.9786,25.694476666666667,25.094502316584,42.599999999999994,3.8408572673797607,250.75,1.4387049884101275,2.200000047683716,11.199999809265137,31
95.93277103000001,64.97859166666667,25.69440833333333,25.19450322547752,42.7,3.8398277759552,260.8399963378906,1.4428205710071167,2.200000047683716,12.100000381469727,30
96.93277103000001,64.97857666666667,25.694328333333335,25.09449914594579,42.599999999999994,3.786811351776123,258.3299865722656,1.4469343070186405,2.0,10.800000190734863,31
97.93277103000001,64.97857166666667,25.694241666666667,25.1945057628415,42.7,3.75386905670166,257.70001220703125,1.450354376423179,1.7999999523162842,10.399999618530273,32
98.93277103000001,64.97856333333334,25.694171666666662,24.99450689457261,42.5,3.757472276687622,264.0299987792969,1.4552930358105713,1.7999999523162842,10.600000381469727,33
99.93277103000001,64.97854166666666,25.69408,25.49449782879998,43.0,3.7754874229431152,251.00999450683594,1.4590963515614543,1.899999976158142,10.800000190734863,31
100.93277103000001,64.97853666666667,25.694,25.59450356072,43.099999999999994,3.7646782398223877,258.739990234375,1.4628192055546474,1.7999999523162842,10.800000190734863,30
101.93277103000001,64.97852833333333,25.693923333333334,25.79450558027618,43.3,3.6488659381866455,261.3699951171875,1.4665449981889656,1.7000000476837158,10.600000381469727,31
102.93277103000001,64.97852333333334,25.693845000000003,25.894511091198204,43.4,3.559818983078003,270.54998779296875,1.4703903135481575,1.7000000476837158,10.899999618530273,31
103.93277103000001,64.97852166666667,25.69376333333333,25.6945203148386,43.2,3.509376049041748,276.1000061035156,1.475281859779423,1.7000000476837158,10.800000190734863,32
104.93277103000001,64.97852666666667,25.69366,26.194538957662417,43.7,3.4687130451202393,281.79998779296875,1.478701934515973,1.7999999523162842,11.300000190734863,33
105.93277103000001,64.978535,25.693590000000004,26.394556437370575,43.9,3.450697660446167,292.4800109863281,1.482456020888205,1.899999976158142,12.199999809265137,33
106.93277103000001,64.97854833333334,25.693516666666664,26.59457926337099,44.099999999999994,3.464080572128296,306.489990234375,1.4867648438947314,1.7999999523162842,12.899999618530273,32
107.93277103000001,64.97857333333333,25.693446666666667,26.994613086812805,44.5,3.454815626144409,316.05999755859375,1.4901866656046143,1.899999976158142,13.100000381469727,30
108.93277103000001,64.978595,25.693395000000002,27.094641203128077,44.599999999999994,3.44091796875,319.5400085449219,1.494094860329457,2.0999999046325684,13.800000190734863,31
109.93277103000001,64.978615,25.693326666666668,26.99466989979159,44.5,3.452756643295288,310.6600036621094,1.4979281937400877,2.299999952316284,14.699999809265137,31
110.93277103000001,64.97863833333334,25.693266666666666,26.994700756612005,44.5,3.4301087856292725,314.8500061035156,1.5021223005101458,2.4000000953674316,15.300000190734863,30
111.93277103000001,64.97865499999999,25.693186666666666,26.694727733514398,44.2,3.4558451175689697,306.0899963378906,1.5060724582940286,2.4000000953674316,15.899999618530273,31
112.93277103000001,64.97867833333333,25.693123333333332,26.694759031526203,44.2,3.458418607711792,310.2099914550781,1.5105616454902007,2.4000000953674316,18.399999618530273,32
113.93277103000001,64.978705,25.693051666666666,26.79479470458169,44.3,3.473860263824463,313.5400085449219,1.5169654671200503,2.4000000953674316,18.700000762939453,33
114.93277103000001,64.97874166666666,25.692946666666664,28.094844611243985,45.599999999999994,3.495478630065918,308.57000732421875,1.5203767125125611,2.0999999046325684,12.899999618530273,33
115.93277103000001,64.97876166666667,25.692891666666664,28.094871530005477,45.599999999999994,3.5299649238586426,309.1600036621094,1.525440675169685,2.0999999046325684,13.0,34
116.93277103000001,64.97878666666666,25.692801666666664,28.49490800100878,46.0,3.5340828895568848,302.5199890136719,1.5285464089309173,2.0,12.600000381469727,34
117.93277103000001,64.97879833333333,25.692741666666667,28.494927411959495,46.0,3.557760000228882,294.239990234375,1.5333861859578723,2.0,13.300000190734863,34
118.93277103000001,64.97881666666667,25.692648333333334,29.09495778742901,46.599999999999994,3.5809226036071777,295.8500061035156,1.5370709836818328,1.899999976158142,13.699999809265137,34
119.93277103000001,64.97882833333333,25.692575,29.394978968678508,46.9,3.542318344116211,289.239990234375,1.5418733666331066,2.0999999046325684,14.5,34
120.93277103000001,64.97885,25.692486666666664,29.495011945867986,47.0,3.5454065799713135,291.0799865722656,1.5463795540706275,1.899999976158142,12.199999809265137,34
121.93277103000001,64.97887,25.69240333333333,29.59504262369161,47.099999999999994,3.565480947494507,301.4700012207031,1.5502877216204907,1.899999976158142,12.399999618530273,33
122.93277103000001,64.97889,25.692335000000003,29.895071307840603,47.4,3.5901875495910645,305.55999755859375,1.554857996772812,1.7999999523162842,12.5,33
123.93277103000001,64.97891333333334,25.692255,30.09510480845961,47.599999999999994,3.594820022583008,312.5299987792969,1.5593490140651556,1.899999976158142,13.0,33
124.93277103000001,64.97893833333333,25.69218,30.295139277523603,47.8,3.5860698223114014,304.2900085449219,1.5630037104160777,1.899999976158142,12.5,32
125.93277103000001,64.97895833333334,25.69211833333333,30.395167073262506,47.9,3.548495054244995,301.17999267578125,1.5664719117592227,1.899999976158142,12.5,30
126.93277103000001,64.97897166666667,25.692051666666664,30.495188997425714,48.0,3.503714084625244,295.8699951171875,1.5703038181208036,1.899999976158142,13.100000381469727,30
127.93277103000001,64.97898333333333,25.691975000000003,29.895210615434998,47.4,3.517096996307373,301.0899963378906,1.5737720168149532,1.899999976158142,12.899999618530273,30
128.93277103,64.97899666666667,25.691908333333338,30.095232538438978,47.599999999999994,3.507317304611206,293.4800109863281,1.5771176130500073,2.0999999046325684,13.600000381469727,30
129.93277103,64.97901166666666,25.691846666666667,30.295255430460372,47.8,3.5186409950256348,296.17999267578125,1.5815446445859742,2.200000047683716,12.899999618530273,31
130.93277103,64.97902333333333,25.691756666666667,29.895278817320396,47.4,3.4949638843536377,296.30999755859375,1.5856749728173976,2.0,12.800000190734863,32
131.93277103,64.97904666666666,25.69168833333333,30.295310760907597,47.8,3.446579933166504,305.0199890136719,1.5891830117082495,1.899999976158142,11.300000190734863,33
132.93277103,64.97906333333334,25.691625,29.59533550564501,47.099999999999994,3.4105494022369385,299.5899963378906,1.593561719594946,1.899999976158142,11.5,35
133.93277103,64.97908666666667,25.69155,29.195368332523998,46.7,3.3631949424743652,311.1199951171875,1.5974673516649993,1.7999999523162842,11.600000381469727,34
134.93277103,64.97911166666667,25.691491666666668,29.095400578868492,46.599999999999994,3.325105667114258,328.8299865722656,1.6012195586887177,1.7999999523162842,11.5,33
135.93277103,64.97914,25.69144833333333,28.895434099636397,46.4,3.296281099319458,336.4800109863281,1.6047385559130454,1.899999976158142,10.899999618530273,33
136.93277103,64.97916833333333,25.691415,29.495466292114088,47.0,3.2484118938446045,345.6600036621094,1.6071592277472837,1.7999999523162842,11.300000190734863,34
137.93277103,64.97919,25.691409999999998,29.895488189559607,47.4,3.1367173194885254,0.8600000143051147,1.610873176953872,2.0,12.100000381469727,33
138.93277103,64.97922333333332,25.691415,30.09552019312936,47.599999999999994,3.106863260269165,12.449999809265137,1.6143390955733652,1.899999976158142,11.800000190734863,34
139.93277103,64.97925333333333,25.691435000000002,30.595546939244784,48.099999999999994,3.0960540771484375,26.540000915527344,1.6177300558048218,1.7999999523162842,11.800000190734863,32
140.93277103,64.97928166666667,25.69146166666667,31.09557116761168,48.599999999999994,3.1053192615509033,30.950000762939453,1.621048234810993,2.0,12.899999618530273,34
141.93277103,64.97930833333334,25.69149333333333,31.195593099544013,48.7,3.0934805870056152,30.200000762939453,1.624439194088591,2.0999999046325684,12.5,33
142.93277103,64.97933666666667,25.69152,31.59561732892159,49.099999999999994,3.0728917121887207,28.860000610351562,1.6280029964606215,2.200000047683716,13.199999809265137,33
143.93277103,64.97936666666666,25.691546666666667,31.795643192223977,49.3,3.0219342708587646,29.149999618530273,1.6316888322767433,2.299999952316284,13.399999618530273,33
144.93277103,64.97939666666666,25.69158,32.095668171541575,49.599999999999994,3.0353169441223145,30.549999237060547,1.6362580841280436,2.299999952316284,14.100000381469727,31
145.93277103,64.979435,25.691615000000002,32.295701097758084,49.8,3.1135547161102295,25.389999389648438,1.6408561527620498,2.299999952316284,14.800000190734863,33
146.93277103,64.97947333333333,25.691651666666665,32.395733803759576,49.9,3.2288525104522705,25.8700008392334,1.645282967380455,2.4000000953674316,14.899999618530273,33
147.93277103,64.97950999999999,25.69168833333333,32.39576487716018,49.9,3.3132669925689697,28.579999923706055,1.64887509891606,2.299999952316284,14.5,33
148.93277103,64.97954,25.691716666666668,34.195790522547995,51.7,3.3894457817077637,30.239999771118164,1.6556570094350411,2.4000000953674316,15.0,32
149.93277103,64.97959666666667,25.691769999999998,32.89583898989638,50.4,3.4862136840820312,30.06999969482422,1.6601472072823893,2.0,13.100000381469727,33
150.93277103,64.97963333333334,25.69181,32.895869624171986,50.4,3.530479669570923,28.15999984741211,1.6650613795971934,2.0,13.5,34
151.93277103,64.97967,25.691868333333332,32.79589782863778,50.3,3.6550424098968506,30.81999969482422,1.6692105069520307,1.7999999523162842,13.399999618530273,33
152.93277103,64.97970166666667,25.691915,33.09592268029611,50.599999999999994,3.745633602142334,29.700000762939453,1.6729626895556675,2.0999999046325684,14.100000381469727,32
153.93277103,64.97973,25.691958333333332,33.19594470748498,50.7,3.798135280609131,30.8799991607666,1.6753160045829376,2.200000047683716,14.899999618530273,32
154.93277103,64.97974833333333,25.69198333333333,33.595959363678986,51.099999999999994,3.7466630935668945,33.470001220703125,1.6779496801556115,2.299999952316284,16.399999618530273,33
155.93277103,64.97976833333334,25.69201333333333,33.59597499107919,51.099999999999994,3.5886433124542236,34.209999084472656,1.6803958995668022,2.299999952316284,16.299999237060547,34
156.93277103,64.97978833333333,25.692035,33.79599172343967,51.3,3.4265058040618896,28.889999389648438,1.6841320929536083,2.4000000953674316,17.299999237060547,35
157.93277103,64.97981499999999,25.692083333333336,32.59601145652499,50.099999999999994,3.3328263759613037,33.54999923706055,1.687761932653551,1.899999976158142,14.699999809265137,34
158.93277103,64.97984333333333,25.69212166666667,31.996034149504197,49.5,3.196939706802368,30.940000534057617,1.6913917714034215,2.0,14.0,35
159.93277103,64.97987166666667,25.692159999999998,31.196056843187193,48.7,3.086789131164551,35.310001373291016,1.6960597302263716,1.899999976158142,13.899999618530273,35
160.93277103,64.97990833333333,25.69220833333333,30.796086381412493,48.3,3.104804515838623,29.84000015258789,1.7003823389147479,1.7999999523162842,13.399999618530273,35
161.93277103,64.97994333333332,25.692248333333335,30.896115391120595,48.4,3.151644229888916,30.75,1.7069272178115367,2.0999999046325684,14.0,33
162.93277103,64.97999499999999,25.692315,30.296157207249678,47.8,3.275177478790283,30.350000381469727,1.711525272903468,2.200000047683716,13.199999809265137,32
163.93277103,64.98003333333332,25.692351666666664,30.49618992859797,48.0,3.423417568206787,34.220001220703125,1.7173915764101402,2.299999952316284,14.0,32
164.93277103,64.98008166666666,25.69240166666667,29.496230688148074,47.0,3.614379405975342,31.530000686645508,1.7230562519435013,2.299999952316284,14.199999809265137,33
165.93277103,64.980125,25.692465000000002,29.496264781632505,47.0,3.819753646850586,30.350000381469727,1.7292014701052105,2.200000047683716,14.5,33
166.93277103,64.98017166666666,25.692535,28.79630126199669,46.3,4.02512788772583,28.549999237060547,1.7337595468737328,1.899999976158142,13.600000381469727,33
167.93277103,64.98020833333334,25.692578333333337,28.4963314714375,46.0,4.136307716369629,24.6200008392334,1.737278516199826,1.7999999523162842,12.699999809265137,33
168.93277103,64.98023666666667,25.692611666666668,28.196354835862607,45.7,4.26704740524292,26.75,1.740931683949595,2.0,13.399999618530273,33
169.93277103,64.98026666666667,25.69264333333333,27.896380055583997,45.4,4.371021270751953,26.899999618530273,1.745718532585515,2.200000047683716,14.5,33
170.93277103,64.98030333333332,25.692696666666667,27.4964089438284,45.0,4.345799922943115,27.09000015258789,1.749081276181135,2.200000047683716,15.5,32
171.93277103,64.98033166666667,25.692721666666664,27.296433413470282,44.8,4.253149509429932,29.56999969482422,1.7532209280190822,2.299999952316284,16.200000762939453,31
172.93277103,64.98036666666667,25.692751666666663,27.096463758097997,44.599999999999994,4.10902738571167,11.670000076293945,1.7564106995918736,2.299999952316284,16.899999618530273,31
173.93277103,64.98039333333332,25.692776666666667,26.696486594658396,44.2,3.962331771850586,16.610000610351562,1.7610537922980511,2.299999952316284,17.0,31
174.93277103,64.98043333333334,25.692805,26.396522063422005,43.9,3.866593360900879,8.079999923706055,1.7650576545728767,2.299999952316284,16.5,31
175.93277103,64.98046833333333,25.692825000000003,25.596553733265495,43.099999999999994,3.8110034465789795,351.5799865722656,1.7682237383976456,2.299999952316284,16.600000381469727,32
176.93277103,64.98049666666667,25.692818333333335,24.496582395526204,42.0,3.76931095123291,341.1199951171875,1.7718683623969667,2.299999952316284,16.600000381469727,33
177.93277103,64.98052833333333,25.692798333333332,23.89661609001869,41.4,3.7446041107177734,333.5799865722656,1.7745384008651803,2.4000000953674316,16.799999237060547,33
178.93277103,64.98054666666667,25.69276166666667,23.1966389163464,40.7,3.6612191200256348,318.2699890136719,1.777850621571499,2.299999952316284,15.800000190734863,35
179.93277103,64.98056833333334,25.692713333333337,21.796666553833205,39.3,3.5726869106292725,315.1300048828125,1.7810222785552787,2.299999952316284,15.800000190734863,34
180.93277103,64.98058666666667,25.692661666666663,21.0966913635296,38.599999999999994,3.5315091609954834,294.1600036621094,1.7839550185947122,2.299999952316284,16.200000762939453,34
181.93277103,64.98060333333333,25.69261333333333,20.196714097654393,37.7,3.493419647216797,308.0299987792969,1.7877252163160011,2.299999952316284,15.5,35
182.93277103,64.98062499999999,25.692551666666667,19.596743496912467,37.099999999999994,3.4790074825286865,312.8500061035156,1.7916089027785156,2.4000000953674316,15.0,35
183.93277103,64.98065166666667,25.692498333333333,18.796776694898114,36.3,3.4537861347198486,323.8599853515625,1.7950968931272786,2.4000000953674316,15.399999618530273,34
184.93277103,64.98068166666667,25.692476666666668,18.39680897159662,35.9,3.360621452331543,343.6199951171875,1.798833104821404,2.4000000953674316,15.199999809265137,31
185.93277103,64.98071499999999,25.692486666666664,18.396840327861177,35.9,3.3153257369995117,22.40999984741211,1.8038589265825662,2.4000000953674316,15.199999809265137,32
186.93277103,64.98075999999999,25.692496666666663,18.69688312197917,36.2,3.3050312995910645,19.940000534057617,1.807824843357841,2.299999952316284,15.399999618530273,33
187.93277103,64.98079333333334,25.692526666666662,19.196911834254408,36.7,3.335400104522705,32.93000030517578,1.8124679303429931,2.299999952316284,15.699999809265137,32
188.93277103,64.98083333333334,25.692555000000002,19.296947303449983,36.8,3.3873870372772217,24.65999984741211,1.818633333013617,2.299999952316284,15.0,34
189.93277103,64.98088333333334,25.692611666666668,20.996988831859,38.5,3.4007697105407715,32.31999969482422,1.8222254391645916,2.0,12.5,34
190.93277103,64.98091333333333,25.692639999999997,21.39701449882879,38.9,3.409519910812378,24.920000076293945,1.8256774159295512,2.0999999046325684,12.699999809265137,34
191.93277103,64.98094166666667,25.69267,20.897038312016996,38.4,3.4414327144622803,32.720001220703125,1.829531747608388,2.200000047683716,13.199999809265137,34
192.93277103,64.98097333333334,25.69270333333333,20.597064953323198,38.099999999999994,3.477977991104126,28.239999771118164,1.8344241481823398,2.299999952316284,14.0,32
193.93277103000003,64.98101333333334,25.692746666666668,20.697098444185585,38.2,3.577319383621216,31.760000228881836,1.8409999789517382,2.299999952316284,14.300000190734863,32
194.93277103000003,64.98107,25.692786666666667,22.09714871768159,39.599999999999994,3.6998233795166016,26.700000762939453,1.8459948908712922,2.0,12.199999809265137,32
195.93277103000003,64.98111,25.692835,22.29718155037942,39.8,3.8146064281463623,22.530000686645508,1.8507816980640877,2.0999999046325684,12.800000190734863,33
196.93277103000003,64.98114666666667,25.692888333333332,22.69721045547361,40.2,3.8892412185668945,34.83000183105469,1.855649687344545,2.200000047683716,13.0,34
197.93277103000003,64.98118500000001,25.692938333333338,22.8972414363437,40.4,3.9422574043273926,27.719999313354492,1.8606529660436026,2.200000047683716,13.600000381469727,33
198.93277103000003,64.98122166666667,25.692999999999998,23.39726924325999,40.9,4.00968599319458,36.41999816894531,1.8652832113965299,2.200000047683716,13.600000381469727,33
199.93277103000003,64.98125833333333,25.693046666666667,24.19729903272598,41.7,4.05292272567749,27.799999237060547,1.8691519565536854,2.200000047683716,13.800000190734863,32
200.93277103000003,64.98128833333334,25.693088333333336,24.99732294653208,42.5,4.0436577796936035,30.049999237060547,1.872470085404551,2.200000047683716,13.899999618530273,33
201.93277103000003,64.981315,25.69312,25.397344913107197,42.9,3.988067865371704,25.219999313354492,1.8760621835774163,2.200000047683716,14.300000190734863,32
202.93277103000003,64.98134499999999,25.693148333333337,26.59737058898068,44.099999999999994,3.923727512359619,16.8700008392334,1.8794162171179423,2.200000047683716,14.300000190734863,31
203.93277103000003,64.98137166666667,25.693181666666668,27.397392336596305,44.9,3.8074002265930176,32.689998626708984,1.8829707617883218,2.200000047683716,13.5,31
204.93277103000003,64.9814,25.693216666666665,27.89741549907999,45.4,3.6761460304260254,19.979999542236328,1.88669055586215,2.200000047683716,13.600000381469727,32
205.93277103000003,64.98143,25.693251666666665,28.197440296562206,45.7,3.5587894916534424,26.1299991607666,1.8910136218319824,2.200000047683716,13.600000381469727,32
206.93277103000003,64.98146166666668,25.693305000000002,30.0974643089819,47.599999999999994,3.450697660446167,32.36000061035156,1.8944049894530008,1.7999999523162842,12.0,32
207.93277103000003,64.98148833333333,25.693339999999996,30.2974858392148,47.8,3.3734893798828125,34.22999954223633,1.8977963562790507,2.0,12.5,32
208.93277103000003,64.981515,25.693375,30.597507370052497,48.099999999999994,3.2623095512390137,30.600000381469727,1.9013152914840068,2.0999999046325684,12.899999618530273,33
209.93277103000003,64.98154333333333,25.69340833333333,29.997530755903,47.5,3.24172043800354,20.719999313354492,1.904907385436821,1.7000000476837158,11.800000190734863,32
210.93277103000003,64.98157333333333,25.69343666666667,30.09755643667519,47.599999999999994,3.266942024230957,27.3700008392334,1.9084619243608332,1.899999976158142,11.899999618530273,33
211.93277103000003,64.98160166666666,25.693471666666664,30.49757960378672,48.0,3.310178518295288,28.600000381469727,1.9123487744441297,2.0999999046325684,12.399999618530273,32
212.93377103,64.98163333333333,25.693506666666668,30.497606040528012,48.0,3.380180835723877,23.0,1.91594027438497,2.0999999046325684,12.100000381469727,32
213.93377103,64.98166166666667,25.69354333333333,30.497628989059805,48.0,3.385842800140381,28.020000457763672,1.9193609522996409,2.200000047683716,12.199999809265137,32
214.93377103,64.98169,25.69357166666667,30.397653037701808,47.9,3.445035934448242,22.020000457763672,1.9230302829205002,2.200000047683716,12.399999618530273,31
215.93377103,64.98171833333335,25.693611666666666,30.19767554775933,47.7,3.4887871742248535,32.0099983215332,1.9265492128145367,2.200000047683716,12.399999618530273,30
216.93377103,64.98174666666667,25.693645,29.997698937978384,47.5,3.501140594482422,25.8799991607666,1.9306175173097444,2.200000047683716,12.699999809265137,30
217.93377103,64.98177833333332,25.69368833333333,29.997724278943892,47.5,3.5078320503234863,30.1200008392334,1.9343373010783484,2.200000047683716,12.600000381469727,32
218.93377103,64.98180833333332,25.69372333333333,29.897749085300994,47.4,3.567539691925049,27.43000030517578,1.938930896127933,2.299999952316284,12.899999618530273,32
219.93377103,64.981845,25.69376833333333,29.797779112034306,47.3,3.643718719482422,25.510000228881836,1.9422145845495595,2.299999952316284,12.899999618530273,32
220.93377103,64.98187166666666,25.693798333333334,29.897801309985276,47.4,3.667395830154419,28.149999618530273,1.9464443043707746,2.299999952316284,12.899999618530273,32
221.93377103,64.98190500000001,25.69384166666667,30.597828288953494,48.099999999999994,3.7157797813415527,24.959999084472656,1.9499144388079863,2.299999952316284,12.899999618530273,32
222.93377103,64.98193166666667,25.693879999999996,30.897849389336805,48.4,3.716294527053833,33.08000183105469,1.9542218638189028,2.299999952316284,12.800000190734863,33
223.93377103,64.981965,25.693926666666666,30.797875930551598,48.3,3.8166651725769043,28.350000381469727,1.9587834242941122,2.299999952316284,13.0,33
224.93377103,64.98199666666666,25.69398833333333,30.597898860532595,48.099999999999994,3.899535655975342,34.9900016784668,1.9629744319671414,2.299999952316284,12.899999618530273,33
225.93377103,64.98202833333333,25.694036666666662,30.597923549416578,48.099999999999994,3.946890115737915,26.709999084472656,1.967010984530028,2.299999952316284,12.899999618530273,32
226.93377103,64.98205833333333,25.694085000000005,30.597946604486495,48.099999999999994,3.9927003383636475,37.0,1.9708504552164923,2.299999952316284,12.800000190734863,32
227.93377103,64.98208666666666,25.694131666666667,30.397968245337204,47.9,4.023068904876709,28.809999465942383,1.9742069090546557,2.299999952316284,11.899999618530273,32
228.93377103,64.98211166666667,25.694171666666662,30.397987495970902,47.9,3.9463753700256348,32.77000045776367,1.977677036254808,2.299999952316284,12.100000381469727,32
229.93377103,64.98213833333332,25.694209999999998,30.29800860177218,47.8,3.8897557258605957,30.969999313354492,1.9810977049196299,2.299999952316284,12.0,31
230.93377103,64.98216666666667,25.694238333333335,30.698032660910016,48.2,3.8310775756835938,19.530000686645508,1.9843100114375438,2.299999952316284,12.199999809265137,31
231.93377103,64.982195,25.694251666666666,30.498058697100305,48.0,3.73945689201355,9.4399995803833,1.9878390253502396,2.299999952316284,12.5,31
232.93377103,64.98222666666668,25.694256666666668,30.098089101329606,47.599999999999994,3.6586456298828125,356.8599853515625,1.9910244488425481,2.299999952316284,12.199999809265137,31
233.93377103,64.982255,25.694246666666665,29.79811821209958,47.3,3.552612781524658,342.3299865722656,1.9943784574509822,2.299999952316284,12.199999809265137,31
234.93377103,64.98228166666667,25.69421333333333,29.698148761748783,47.2,3.4594480991363525,328.9100036621094,1.9979692057008407,2.299999952316284,12.300000190734863,31
235.93377103,64.98230666666667,25.694164999999998,29.698179651954405,47.2,3.396137237548828,310.510009765625,2.0021902206530933,2.299999952316284,12.100000381469727,32
236.93377103,64.98233666666667,25.694110000000002,30.2982163239988,47.8,3.392019510269165,310.8299865722656,2.006381505815302,2.299999952316284,11.0,32
237.93377103,64.98236,25.694040000000005,29.99824843154559,47.5,3.3915047645568848,303.42999267578125,2.0102121669879507,2.299999952316284,11.0,32
238.93377103,64.98238166666667,25.69397666666667,29.998278025234598,47.5,3.4594480991363525,302.0899963378906,2.0144020952603974,2.299999952316284,11.199999809265137,31
239.93377103,64.98240666666668,25.69391,29.998311326461604,47.5,3.485698938369751,309.6199951171875,2.018471427704881,2.299999952316284,11.5,31
240.93377103,64.98243000000001,25.693843333333334,30.198342991933217,47.7,3.5557010173797607,304.55999755859375,2.022362515636979,2.4000000953674316,11.899999618530273,32
241.93377103,64.98245333333332,25.69378166666667,30.198373997971203,47.7,3.6215856075286865,308.1199951171875,2.0259550361085292,2.4000000953674316,11.600000381469727,32
242.93377103,64.98247333333333,25.69372166666667,29.898401514394784,47.4,3.665851593017578,304.04998779296875,2.03021354425817,2.4000000953674316,11.699999809265137,32
243.93377103,64.9825,25.693656666666666,29.598436226699974,47.099999999999994,3.722470998764038,312.6199951171875,2.0340104752263293,2.4000000953674316,11.899999618530273,32
244.93377103,64.982525,25.69360166666667,29.39846798672351,46.9,3.7410011291503906,323.82000732421875,2.037762540976972,2.4000000953674316,11.899999618530273,32
245.93377103,64.98255333333333,25.693558333333332,29.09850147893799,46.599999999999994,3.759016275405884,331.94000244140625,2.0410737104317804,2.4000000953674316,12.199999809265137,32
246.93377103,64.98258166666666,25.693536666666667,28.79853211808016,46.3,3.702396869659424,344.4800109863281,2.0436729891706307,2.4000000953674316,12.100000381469727,33
247.93377103,64.98260499999999,25.69354,28.79855456243078,46.3,3.596879005432129,9.109999656677246,2.0465896307821203,2.299999952316284,12.100000381469727,33
248.93377103,64.98262833333334,25.693568333333328,28.79857371612127,46.3,3.5181264877319336,29.93000030517578,2.0501641118544924,2.299999952316284,12.199999809265137,33
249.93377103,64.982645,25.69363333333333,29.598581505894018,47.099999999999994,3.3987107276916504,53.560001373291016,2.053629375699022,2.0,11.199999809265137,33
250.93377103,64.98265666666666,25.693701666666666,29.99858395384659,47.5,3.298340082168579,73.79000091552734,2.0568507305251895,1.899999976158142,10.800000190734863,33
251.93377103,64.98264999999999,25.69376833333333,29.798568640691002,47.3,3.1995134353637695,98.52999877929688,2.0604252094796984,1.7999999523162842,10.0,33
252.93377103,64.98263333333333,25.693833333333334,31.09854373859997,48.599999999999994,3.135687828063965,123.02999877929688,2.064017536336599,1.7000000476837158,9.199999809265137,33
253.93377103,64.98261166666666,25.693890000000003,31.098515028640193,48.599999999999994,3.113039970397949,137.83999633789062,2.06766837740478,1.7000000476837158,9.199999809265137,33
254.93377103,64.98259,25.69394833333333,30.998486098483426,48.5,3.07134747505188,126.4000015258789,2.0711460280567957,1.7000000476837158,8.5,32
255.93377103,64.98256833333333,25.69400166666667,31.09845782574689,48.599999999999994,3.0255372524261475,131.0500030517578,2.0744391630856645,1.7000000476837158,8.699999809265137,32
256.93377103,64.98255,25.694056666666665,31.19843260241801,48.7,3.0260519981384277,124.19000244140625,2.0777910938904403,1.7000000476837158,8.600000381469727,33
257.93377103,64.98253,25.694110000000002,31.298405963049206,48.8,3.0646560192108154,135.3000030517578,2.080915401055377,1.899999976158142,8.899999618530273,33
258.93377103,64.98251,25.694156666666665,31.398380200767612,48.9,3.0981130599975586,142.25999450683594,2.0845239208446076,2.0999999046325684,9.5,32
259.93377103,64.98248666666667,25.694209999999998,31.298350290312783,48.8,3.1814980506896973,136.47999572753906,2.0881873451255792,2.200000047683716,9.800000190734863,33
260.93377103,64.98246333333333,25.694265000000005,31.49832015958181,49.0,3.231940746307373,139.24000549316406,2.0914193009950455,2.200000047683716,9.800000190734863,31
261.93377103,64.98244500000001,25.69431833333333,31.3982951522973,48.9,3.2442941665649414,131.5,2.094830274782008,2.299999952316284,9.800000190734863,30
262.93377103,64.98242499999999,25.694373333333335,31.098268289927987,48.599999999999994,3.2777512073516846,134.50999450683594,2.0987614217593533,2.200000047683716,10.0,32
263.93377103,64.98239666666667,25.69442333333333,30.6982339104068,48.2,3.2762069702148438,144.91000366210938,2.101920693022445,1.899999976158142,9.100000381469727,32
264.93377103,64.98237333333333,25.694461666666665,30.69820597164319,48.2,3.3307673931121826,152.2899932861328,2.10540866420812,2.0,9.199999809265137,33
265.93377103,64.98234333333333,25.69448333333333,30.398173687525976,47.9,3.329738140106201,167.3800048828125,2.1088182704238307,2.0999999046325684,9.399999618530273,32
266.93377103,64.98231333333334,25.694498333333332,30.198142281190798,47.7,3.366283416748047,171.6300048828125,2.1127132481490305,2.200000047683716,9.600000381469727,30
267.93377103,64.98227833333334,25.694495,29.898108384719116,47.4,3.42702054977417,184.97999572753906,2.1168509608776356,2.200000047683716,9.899999618530273,31
268.93377103,64.98224166666667,25.69448,30.098074390423974,47.599999999999994,3.528420925140381,191.52999877929688,2.1210534842698037,2.200000047683716,9.899999618530273,31
269.93377103,64.98220500000001,25.694458333333333,29.898041274922512,47.4,3.552098035812378,196.0800018310547,2.12494031862784,2.299999952316284,10.399999618530273,32
270.93377103,64.98217333333334,25.69442333333333,30.098014821934413,47.599999999999994,3.609232187271118,209.1999969482422,2.129280890368574,2.299999952316284,9.600000381469727,32
271.93377103,64.98213666666668,25.694391666666668,30.297983025463026,47.8,3.7291624546051025,199.3800048828125,2.1332467813071965,2.299999952316284,9.800000190734863,32
272.93377103,64.98210333333333,25.69436166666667,30.297954279988573,47.8,3.7832083702087402,206.91000366210938,2.1368388649100507,2.299999952316284,9.699999809265137,32
273.93377103,64.98207333333333,25.69433333333333,30.29792858536001,47.8,3.830048084259033,198.64999389648438,2.140393389583696,2.299999952316284,10.0,33
274.93377103,64.982045,25.694298333333336,30.497905404989694,48.0,3.815635919570923,206.88999938964844,2.1445859075354052,2.299999952316284,10.0,32
275.93377103,64.98201166666666,25.694256666666668,30.297878199410206,47.8,3.902109146118164,209.50999450683594,2.1491439216143973,2.299999952316284,10.199999809265137,30
276.93377103,64.98197499999999,25.69421333333333,29.997847944711992,47.5,3.9854941368103027,205.19000244140625,2.1536118128769086,2.299999952316284,10.199999809265137,30
277.93377103,64.98194,25.694166666666668,30.297819765400007,47.8,4.048290252685547,210.42999267578125,2.157804334424388,2.299999952316284,10.300000190734863,30
278.93377103,64.98190666666666,25.694125,30.297792562659993,47.8,4.056525707244873,201.8000030517578,2.162072363998862,2.4000000953674316,10.5,29
279.93377103,64.98187333333334,25.69408,30.297765800396803,47.8,4.0961594581604,207.75,2.166465391083691,2.299999952316284,10.600000381469727,29
280.93377103,64.98183833333333,25.694036666666662,29.59773718451939,47.099999999999994,4.131160736083984,204.22999572753906,2.170415815841677,2.299999952316284,10.5,27
281.93377103,64.98180833333332,25.69399166666667,29.897713693717485,47.4,4.111086368560791,212.30999755859375,2.1742845405857754,2.4000000953674316,10.600000381469727,29
282.93377103,64.98177833333332,25.693950000000005,29.197689764110976,46.7,4.1059393882751465,208.6999969482422,2.1783141579669616,2.4000000953674316,10.899999618530273,27
283.93377103,64.98174666666667,25.693908333333336,28.697664200603995,46.2,4.069394111633301,207.38999938964844,2.182153643271839,2.299999952316284,10.699999809265137,30
284.93377103,64.98171833333335,25.693861666666667,28.597642566944316,46.099999999999994,4.066305637359619,215.1199951171875,2.185783419248285,2.299999952316284,10.899999618530273,31
285.93377103,64.98169,25.69382333333333,28.597619834704403,46.099999999999994,3.974170207977295,207.11000061035156,2.1889880835589994,2.299999952316284,10.300000190734863,32
286.93377103,64.98166666666665,25.693783333333332,28.39760222699997,45.9,3.8501222133636475,215.8300018310547,2.192908762930975,2.299999952316284,10.300000190734863,32
287.93377103,64.98163500000001,25.693746666666666,27.497576006959207,45.0,3.7950470447540283,208.38999938964844,2.1969008631422913,2.299999952316284,10.399999618530273,31
288.93377103,64.98160333333334,25.69370666666667,27.197550227539196,44.7,3.7559280395507812,208.49000549316406,2.200956361920849,2.299999952316284,10.199999809265137,29
289.93377103,64.98156999999999,25.693671666666667,26.69752215450339,44.2,3.7178385257720947,205.42999267578125,2.204877044034092,2.4000000953674316,10.300000190734863,28
290.93377103,64.98153833333335,25.693635000000004,26.797495936756704,44.3,3.6746020317077637,203.00999450683594,2.2077652911369823,2.299999952316284,10.0,29
291.93377103,64.98151333333334,25.693618333333333,26.4974736181412,44.0,3.6426892280578613,184.92999267578125,2.2119170868746196,2.299999952316284,10.0,29
292.93377103,64.98147666666667,25.69360166666667,26.797439857981416,44.3,3.6215856075286865,183.22999572753906,2.2152612109269207,2.299999952316284,9.800000190734863,32
293.93377103,64.98144666666667,25.693596666666668,26.897411096229597,44.4,3.6787197589874268,174.86000061035156,2.219595140999039,2.200000047683716,9.699999809265137,32
294.93377103,64.98140833333333,25.693613333333328,26.597371301364007,44.099999999999994,3.767251968383789,169.25,2.2237976720896273,2.299999952316284,9.899999618530273,29
295.93377103,64.98137166666667,25.693635000000004,27.097332480466704,44.599999999999994,3.888211727142334,160.55999755859375,2.22795416110037,2.299999952316284,10.100000381469727,30
296.93377103,64.98133833333333,25.693675,26.997294507353487,44.5,4.000421047210693,149.72000122070312,2.232222212974826,2.299999952316284,9.800000190734863,29
297.93377103,64.981305,25.69372,27.39725587309041,44.9,4.059614181518555,144.27000427246094,2.2358631304184495,2.4000000953674316,10.300000190734863,30
298.93377103,64.98128,25.693770000000004,27.997224750694414,45.5,4.047775745391846,138.60000610351562,2.239471730388194,2.4000000953674316,10.699999809265137,29
299.93377103,64.98125666666667,25.69382333333333,28.397194821908393,45.9,4.026671886444092,132.52999877929688,2.242823751954691,2.4000000953674316,10.399999618530273,30
300.93377103,64.98123666666667,25.693876666666664,28.7971681617028,46.3,3.9849793910980225,128.1300048828125,2.246245401823626,2.4000000953674316,10.399999618530273,31
301.93377103,64.981215,25.69392833333333,29.19714008622769,46.7,3.970052480697632,130.13999938964844,2.2494774485525273,2.299999952316284,10.199999809265137,33
302.93377103,64.98119666666666,25.693981666666666,29.797115059371777,47.3,3.868652105331421,124.91000366210938,2.2524727504387383,2.299999952316284,9.899999618530273,33
303.93377103,64.98117833333335,25.694028333333335,29.89709091253713,47.4,3.7157797813415527,128.6999969482422,2.2560635580515127,2.299999952316284,10.100000381469727,32
304.93377103,64.98115333333334,25.694076666666668,29.7970600057688,47.3,3.595334768295288,131.1199951171875,2.259594964077706,1.899999976158142,9.0,32
305.93377103,64.98113333333335,25.694135,28.897032681572007,46.4,3.473860263824463,135.0500030517578,2.262946994301575,1.7000000476837158,8.100000381469727,32
306.93377103,64.98111333333333,25.694188333333333,28.997006017215597,46.5,3.348782777786255,130.5500030517578,,1.899999976158142,8.5,32
