"Time (s)","Latitude (°)","Longitude (°)","Altitude (m)","Altitude WGS84 (m)","Speed (m/s)","Direction (°)","Distance (km)","Horizontal Accuracy (m)","Vertical Accuracy (m)","Satellites"
4.922277000E-2,6.497432190E1,2.571220550E1,NaN,NaN,NaN,NaN,0.000000000E0,7.447459717E2,0.000000000E0,-1.000000000E0
4.922277000E-2,6.497432190E1,2.571220550E1,NaN,NaN,NaN,NaN,0.000000000E0,7.447459717E2,0.000000000E0,-1.000000000E0
4.922277000E-2,6.497432190E1,2.571220550E1,NaN,NaN,NaN,NaN,1.131576882E0,7.447459717E2,0.000000000E0,-1.000000000E0
1.226513239E0,6.498116500E1,2.569440000E1,4.689702874E1,6.440000000E1,3.236573219E0,1.291699982E2,1.132082343E0,6.500000000E0,6.800000000E1,2.400000000E1
1.726513239E0,6.498116667E1,2.569441000E1,4.319702905E1,6.070000000E1,3.511435032E0,1.318300018E2,1.135200547E0,2.400000095E0,1.069999981E1,2.600000000E1
2.226513239E0,6.498115333E1,2.569446833E1,4.049700826E1,5.800000000E1,3.590702295E0,1.289600067E2,1.139155779E0,1.899999976E0,9.500000000E0,2.700000000E1
2.890513239E0,6.498111833E1,2.569448333E1,3.799697195E1,5.550000000E1,3.587613821E0,1.321699982E2,1.141626682E0,1.899999976E0,1.039999962E1,3.000000000E1
3.390513239E0,6.498109667E1,2.569449500E1,3.699694915E1,5.450000000E1,3.537685871E0,1.324199982E2,1.145557899E0,1.799999952E0,1.060000038E1,3.100000000E1
4.390513239E0,6.498106833E1,2.569454500E1,3.599691475E1,5.350000000E1,3.508346558E0,1.290099945E2,1.150757812E0,1.700000048E0,1.119999981E1,3.500000000E1
5.890513239E0,6.498103333E1,2.569461833E1,3.509687072E1,5.260000000E1,3.360621452E0,1.280599976E2,1.154642661E0,1.700000048E0,1.260000038E1,3.400000000E1
6.890513239E0,6.498100500E1,2.569466667E1,3.459683654E1,5.210000000E1,3.393563509E0,1.303699951E2,1.158526325E0,1.700000048E0,1.060000038E1,3.500000000E1
7.890513239E0,6.498097833E1,2.569472000E1,3.369680333E1,5.120000000E1,3.511949778E0,1.293099976E2,1.162431821E0,1.600000024E0,1.010000038E1,3.500000000E1
8.890513239E0,6.498095333E1,2.569477833E1,3.289677109E1,5.040000000E1,3.586584330E0,1.217699966E2,1.165966523E0,1.600000024E0,1.019999981E1,3.500000000E1
9.890513239E0,6.498093167E1,2.569483333E1,3.229674256E1,4.980000000E1,3.501140594E0,1.281900024E2,1.169746641E0,1.600000024E0,9.899999619E0,3.500000000E1
1.089051324E1,6.498091167E1,2.569489833E1,3.209671435E1,4.960000000E1,3.434226751E0,1.216200027E2,1.173552197E0,1.500000000E0,9.899999619E0,3.500000000E1
1.189051324E1,6.498089333E1,2.569496667E1,3.179668733E1,4.930000000E1,3.593790531E0,1.205899963E2,1.177357755E0,1.500000000E0,9.600000381E0,3.600000000E1
1.289051324E1,6.498087500E1,2.569503500E1,3.169666031E1,4.920000000E1,3.896961927E0,1.254899979E2,1.181229725E0,1.799999952E0,1.039999962E1,3.600000000E1
1.389051324E1,6.498085667E1,2.569510500E1,3.159663306E1,4.910000000E1,3.642174482E0,1.267600021E2,1.185183620E0,1.899999976E0,1.130000019E1,3.600000000E1
1.489051324E1,6.498083500E1,2.569517167E1,3.159660299E1,4.910000000E1,3.909830093E0,1.283500061E2,1.187141141E0,2.099999905E0,1.250000000E1,3.700000000E1
1.539051324E1,6.498082667E1,2.569520833E1,3.159658996E1,4.910000000E1,3.748207331E0,1.192600021E2,1.189018048E0,2.200000048E0,1.339999962E1,3.600000000E1
1.589051324E1,6.498082000E1,2.569524500E1,3.149657858E1,4.900000000E1,4.005568504E0,1.210899963E2,1.191175671E0,2.200000048E0,1.430000019E1,3.600000000E1
1.639051324E1,6.498080667E1,2.569527833E1,3.129656108E1,4.880000000E1,4.172852993E0,1.312899933E2,1.192979987E0,2.299999952E0,1.460000038E1,3.500000000E1
1.689051324E1,6.498079500E1,2.569530500E1,3.109654611E1,4.860000000E1,3.790929079E0,1.344600067E2,1.196450160E0,2.200000048E0,1.489999962E1,3.500000000E1
1.789051324E1,6.498076833E1,2.569534333E1,3.039651487E1,4.790000000E1,3.475919247E0,1.510399933E2,1.200915188E0,2.299999952E0,1.500000000E1,3.700000000E1
1.889051324E1,6.498072833E1,2.569535167E1,2.979647452E1,4.730000000E1,3.858357668E0,1.819600067E2,1.205040269E0,2.299999952E0,1.539999962E1,3.700000000E1
1.989051324E1,6.498069167E1,2.569533833E1,2.919644030E1,4.670000000E1,3.778575897E0,1.886900024E2,1.209083824E0,2.299999952E0,1.569999981E1,3.600000000E1
2.089051324E1,6.498065667E1,2.569531500E1,2.899640904E1,4.650000000E1,3.748207331E0,1.984499969E2,1.213022542E0,2.299999952E0,1.610000038E1,3.500000000E1
2.189051324E1,6.498062333E1,2.569528667E1,2.879638008E1,4.630000000E1,3.738427401E0,2.022700043E2,1.216862080E0,2.299999952E0,1.519999981E1,3.400000000E1
2.289051324E1,6.498059500E1,2.569524000E1,2.879635845E1,4.630000000E1,3.696220160E0,2.106300049E2,1.220817887E0,2.299999952E0,1.510000038E1,3.600000000E1
2.389051324E1,6.498056333E1,2.569520167E1,2.929633245E1,4.680000000E1,3.738427401E0,2.177700043E2,1.224966976E0,2.000000000E0,1.439999962E1,3.600000000E1
2.489051324E1,6.498053167E1,2.569515500E1,2.889630755E1,4.640000000E1,3.715265036E0,2.163800049E2,1.227683044E0,1.799999952E0,1.500000000E1,3.500000000E1
2.589051324E1,6.498051000E1,2.569512833E1,2.869628982E1,4.620000000E1,3.661733866E0,2.120000000E2,1.231153227E0,2.000000000E0,1.439999962E1,3.500000000E1
2.689051324E1,6.498048333E1,2.569509000E1,2.829626873E1,4.580000000E1,3.589158058E0,2.163899994E2,1.233940679E0,2.200000048E0,1.500000000E1,3.500000000E1
2.789051324E1,6.498046000E1,2.569506833E1,2.769624870E1,4.520000000E1,3.533053398E0,2.085299988E2,1.237055967E0,2.200000048E0,1.589999962E1,3.500000000E1
2.889051324E1,6.498043667E1,2.569503167E1,2.719623066E1,4.470000000E1,3.470257282E0,2.082400055E2,1.240889514E0,2.299999952E0,1.700000000E1,3.400000000E1
2.989051324E1,6.498041000E1,2.569498000E1,2.599621133E1,4.350000000E1,3.474375010E0,2.142799988E2,1.244004804E0,2.000000000E0,1.660000038E1,3.400000000E1
3.089051324E1,6.498038667E1,2.569494333E1,2.589619329E1,4.340000000E1,3.411064148E0,2.108399963E2,1.246576399E0,2.099999905E0,1.800000000E1,3.500000000E1
3.189051324E1,6.498036833E1,2.569491000E1,2.559617971E1,4.310000000E1,3.280324697E0,2.139400024E2,1.249329537E0,2.200000048E0,1.700000000E1,3.500000000E1
3.289051324E1,6.498034667E1,2.569488167E1,2.469616221E1,4.220000000E1,3.163482666E0,2.103300018E2,1.252927492E0,1.899999976E0,1.139999962E1,3.500000000E1
3.389051324E1,6.498032000E1,2.569483833E1,2.439614178E1,4.190000000E1,2.986932993E0,2.094400024E2,1.255719408E0,1.799999952E0,1.030000019E1,3.600000000E1
3.489051324E1,6.498029833E1,2.569480833E1,2.349612449E1,4.100000000E1,2.852075815E0,2.172299957E2,1.258511325E0,1.799999952E0,1.050000000E1,3.400000000E1
3.589051324E1,6.498027667E1,2.569477833E1,2.359610721E1,4.110000000E1,2.747072458E0,2.205299988E2,1.261716047E0,1.700000048E0,1.030000019E1,3.500000000E1
3.689051324E1,6.498025333E1,2.569473833E1,2.329608961E1,4.080000000E1,2.712586164E0,2.182299957E2,1.265745719E0,1.799999952E0,1.000000000E1,3.300000000E1
3.789051324E1,6.498022167E1,2.569469667E1,2.249606406E1,4.000000000E1,2.708982944E0,2.157799988E2,1.269455894E0,1.799999952E0,1.039999962E1,3.400000000E1
3.889051324E1,6.498019333E1,2.569465500E1,2.229604178E1,3.980000000E1,2.641554356E0,2.119900055E2,1.273582839E0,1.799999952E0,9.699999809E0,3.400000000E1
3.989051324E1,6.498016333E1,2.569460333E1,2.209601919E1,3.960000000E1,2.575155258E0,2.207299957E2,1.277268655E0,1.799999952E0,1.010000038E1,3.300000000E1
4.089051324E1,6.498013333E1,2.569457000E1,2.179599417E1,3.930000000E1,2.553022146E0,2.131100006E2,1.280185353E0,1.799999952E0,1.000000000E1,3.300000000E1
4.189051324E1,6.498011000E1,2.569454167E1,2.159597503E1,3.910000000E1,2.621480227E0,2.096499939E2,1.283216697E0,1.700000048E0,1.010000038E1,3.200000000E1
4.289051324E1,6.498008667E1,2.569450833E1,2.139595656E1,3.890000000E1,2.632289410E0,2.166799927E2,1.286170026E0,1.600000024E0,1.019999981E1,3.300000000E1
4.389051324E1,6.498006333E1,2.569447833E1,2.159593764E1,3.910000000E1,2.625083447E0,2.143099976E2,1.288485172E0,1.600000024E0,9.899999619E0,3.300000000E1
4.489051324E1,6.498004500E1,2.569445500E1,2.109592275E1,3.860000000E1,2.550448656E0,2.091199951E2,1.290241019E0,1.600000024E0,1.030000019E1,3.300000000E1
4.589051324E1,6.498003000E1,2.569444333E1,2.119590958E1,3.870000000E1,2.445445299E0,2.004700012E2,1.292135251E0,1.700000048E0,1.110000038E1,3.400000000E1
4.689051324E1,6.498001333E1,2.569443500E1,2.109589433E1,3.860000000E1,2.329118013E0,1.958399963E2,1.294967591E0,1.700000048E0,1.060000038E1,3.600000000E1
4.789051324E1,6.497999167E1,2.569440333E1,2.059587727E1,3.810000000E1,2.249336004E0,2.022400055E2,1.297457077E0,1.700000048E0,9.399999619E0,3.600000000E1
4.889051324E1,6.497997000E1,2.569439000E1,2.049585778E1,3.800000000E1,2.167495251E0,1.963899994E2,1.300126321E0,1.600000024E0,9.699999809E0,3.400000000E1
4.989051324E1,6.497994667E1,2.569437667E1,1.989583666E1,3.740000000E1,2.102640390E0,1.973800049E2,1.302913781E0,1.700000048E0,9.500000000E0,3.600000000E1
5.089051324E1,6.497992333E1,2.569435500E1,1.949581664E1,3.700000000E1,2.011019707E0,2.005299988E2,1.304756692E0,1.700000048E0,9.300000191E0,3.500000000E1
5.189051324E1,6.497990833E1,2.569433833E1,1.939580414E1,3.690000000E1,1.897780776E0,1.953600006E2,1.307606408E0,1.700000048E0,9.800000191E0,3.500000000E1
5.289051324E1,6.497988333E1,2.569432500E1,1.939578138E1,3.690000000E1,1.836014152E0,1.836699982E2,1.310021028E0,1.799999952E0,9.500000000E0,3.500000000E1
5.389051324E1,6.497986333E1,2.569430500E1,1.919576441E1,3.670000000E1,1.762923598E0,1.868800049E2,1.312554546E0,1.700000048E0,9.199999809E0,3.500000000E1
5.489051324E1,6.497984167E1,2.569428833E1,1.939574536E1,3.690000000E1,1.797410011E0,1.837899933E2,1.315352043E0,1.700000048E0,9.300000191E0,3.600000000E1
5.589051324E1,6.497981667E1,2.569429500E1,1.939571996E1,3.690000000E1,1.849396944E0,1.694600067E2,1.317766361E0,1.700000048E0,9.500000000E0,3.600000000E1
5.689051324E1,6.497979500E1,2.569429167E1,1.969569915E1,3.720000000E1,1.895207167E0,1.711499939E2,1.320748088E0,1.700000048E0,9.100000381E0,3.600000000E1
5.789051324E1,6.497976833E1,2.569428500E1,1.989567387E1,3.740000000E1,1.955944419E0,1.740399933E2,1.324236088E0,1.799999952E0,9.399999619E0,3.600000000E1
5.889051324E1,6.497973833E1,2.569430667E1,2.039564157E1,3.790000000E1,2.016681671E0,1.670500031E2,1.327043451E0,1.799999952E0,9.699999809E0,3.600000000E1
5.989051324E1,6.497971333E1,2.569431500E1,2.119561594E1,3.870000000E1,2.062491894E0,1.673000031E2,1.330178841E0,1.799999952E0,9.699999809E0,3.500000000E1
6.089051324E1,6.497968667E1,2.569433667E1,2.199558691E1,3.950000000E1,2.089257479E0,1.608800049E2,1.332765158E0,1.799999952E0,9.500000000E0,3.600000000E1
6.189051324E1,6.497966500E1,2.569435667E1,2.299556300E1,4.050000000E1,2.101610899E0,1.546600037E2,1.335499214E0,1.799999952E0,9.500000000E0,3.600000000E1
6.289051324E1,6.497964167E1,2.569437500E1,2.399553768E1,4.150000000E1,2.112934828E0,1.571100006E2,1.338023819E0,1.799999952E0,9.100000381E0,3.600000000E1
6.389051324E1,6.497962333E1,2.569440667E1,2.439551550E1,4.190000000E1,2.129405737E0,1.480700073E2,1.340891803E0,1.700000048E0,8.699999809E0,3.600000000E1
6.489051324E1,6.497959833E1,2.569442167E1,2.489548899E1,4.240000000E1,2.094919443E0,1.600099945E2,1.343883381E0,1.700000048E0,8.800000191E0,3.500000000E1
6.589051324E1,6.497957500E1,2.569445333E1,2.519546190E1,4.270000000E1,2.075874805E0,1.516600037E2,1.346436517E0,1.600000024E0,8.500000000E0,3.700000000E1
6.689051324E1,6.497955500E1,2.569448000E1,2.559543874E1,4.310000000E1,2.078448296E0,1.513200073E2,1.349955504E0,1.600000024E0,8.899999619E0,3.700000000E1
6.789051324E1,6.497952667E1,2.569451333E1,2.599540652E1,4.350000000E1,2.051167965E0,1.510099945E2,1.353665706E0,1.700000048E0,8.899999619E0,3.700000000E1
6.889051324E1,6.497949833E1,2.569455500E1,2.619537320E1,4.370000000E1,2.095434189E0,1.471699982E2,1.357861390E0,1.700000048E0,8.500000000E0,3.600000000E1
6.989151324E1,6.497946333E1,2.569458833E1,2.709533444E1,4.460000000E1,2.182422161E0,1.520800018E2,1.362250863E0,1.700000048E0,8.899999619E0,3.600000000E1
7.089151324E1,6.497943000E1,2.569463833E1,2.729529511E1,4.480000000E1,2.338897705E0,1.512700043E2,1.365787842E0,1.799999952E0,8.800000191E0,3.700000000E1
7.189151324E1,6.497940000E1,2.569466333E1,2.739526236E1,4.490000000E1,2.456254482E0,1.605000000E2,1.369379411E0,2.000000000E0,9.399999619E0,3.700000000E1
7.289151324E1,6.497937167E1,2.569470000E1,2.709522970E1,4.460000000E1,2.625083447E0,1.564700012E2,1.373248226E0,2.099999905E0,1.039999962E1,3.700000000E1
7.389151324E1,6.497934167E1,2.569474167E1,2.669519474E1,4.420000000E1,2.800088882E0,1.453899994E2,1.376639185E0,2.200000048E0,1.100000000E1,3.500000000E1
7.489151324E1,6.497931333E1,2.569476833E1,2.639516340E1,4.390000000E1,2.965829372E0,1.603399963E2,1.380230756E0,2.200000048E0,1.150000000E1,3.600000000E1
7.589151324E1,6.497928500E1,2.569480500E1,2.619513074E1,4.370000000E1,3.107892752E0,1.514199982E2,1.383621716E0,2.200000048E0,1.139999962E1,3.400000000E1
7.689151324E1,6.497925667E1,2.569483167E1,2.559509940E1,4.310000000E1,3.219587564E0,1.564400024E2,1.386538434E0,2.200000048E0,1.119999981E1,3.300000000E1
7.789151324E1,6.497923333E1,2.569486000E1,2.499507274E1,4.250000000E1,3.269000769E0,1.667799988E2,1.390191624E0,2.200000048E0,1.130000019E1,3.300000000E1
7.889151324E1,6.497920333E1,2.569489167E1,2.459503911E1,4.210000000E1,3.269000769E0,1.582700043E2,1.395058219E0,2.200000048E0,1.110000038E1,3.300000000E1
7.989151324E1,6.497916167E1,2.569492333E1,2.529499402E1,4.280000000E1,3.254588604E0,1.623600006E2,1.399347319E0,1.799999952E0,9.000000000E0,3.400000000E1
8.089151324E1,6.497912667E1,2.569496167E1,2.539495459E1,4.290000000E1,3.256647587E0,1.542400055E2,1.403313267E0,1.799999952E0,8.699999809E0,3.400000000E1
8.189151324E1,6.497909333E1,2.569499167E1,2.499491790E1,4.250000000E1,3.351356506E0,1.593899994E2,1.407843864E0,1.799999952E0,9.199999809E0,3.700000000E1
8.289151324E1,6.497905333E1,2.569501000E1,2.519487622E1,4.270000000E1,3.443491697E0,1.676699982E2,1.413329173E0,1.700000048E0,9.100000381E0,3.700000000E1
8.389151324E1,6.497900500E1,2.569503333E1,2.479482570E1,4.230000000E1,3.622100353E0,1.684100037E2,1.419209537E0,1.700000048E0,9.300000191E0,3.700000000E1
8.489151324E1,6.497895333E1,2.569506000E1,2.459477146E1,4.210000000E1,3.820268393E0,1.660099945E2,1.423592116E0,1.799999952E0,8.600000381E0,3.700000000E1
8.589151324E1,6.497891500E1,2.569508167E1,2.389473097E1,4.140000000E1,4.026157379E0,1.702200012E2,1.428108453E0,2.099999905E0,9.399999619E0,3.700000000E1
8.689151324E1,6.497887500E1,2.569509833E1,2.329468951E1,4.080000000E1,4.172338486E0,1.734100037E2,1.433134277E0,2.200000048E0,1.000000000E1,3.600000000E1
8.789151324E1,6.497883000E1,2.569508833E1,2.289464668E1,4.040000000E1,4.357638359E0,1.829100037E2,1.439347672E0,2.200000048E0,1.050000000E1,3.500000000E1
8.889151324E1,6.497877500E1,2.569506500E1,2.219459582E1,3.970000000E1,4.523893833E0,1.898600006E2,1.443372065E0,2.000000000E0,9.500000000E0,3.400000000E1
8.989151324E1,6.497874167E1,2.569503167E1,2.169456754E1,3.920000000E1,4.596984386E0,1.997799988E2,1.447950095E0,1.899999976E0,9.199999809E0,3.500000000E1
9.089151324E1,6.497871167E1,2.569496500E1,2.139454696E1,3.890000000E1,4.608822823E0,2.173999939E2,1.452153002E0,1.899999976E0,9.000000000E0,3.300000000E1
9.189151324E1,6.497868500E1,2.569490167E1,2.129452922E1,3.880000000E1,4.586174965E0,2.317599945E2,1.456582745E0,2.200000048E0,9.800000191E0,3.400000000E1
9.289151324E1,6.497866000E1,2.569482833E1,2.109451444E1,3.860000000E1,4.533158779E0,2.408000031E2,1.461497277E0,2.299999952E0,1.060000038E1,3.400000000E1
9.389151324E1,6.497863333E1,2.569474500E1,2.089449935E1,3.840000000E1,4.417860985E0,2.480800018E2,1.466642479E0,2.400000095E0,1.260000038E1,3.400000000E1
9.489151324E1,6.497861167E1,2.569464833E1,2.089449094E1,3.840000000E1,4.315431118E0,2.505800018E2,1.471444891E0,2.400000095E0,1.269999981E1,3.400000000E1
9.589151324E1,6.497859000E1,2.569456000E1,2.089448143E1,3.840000000E1,4.182117939E0,2.529299927E2,1.476140626E0,2.400000095E0,1.300000000E1,3.400000000E1
9.689151324E1,6.497857500E1,2.569446667E1,2.079447912E1,3.830000000E1,4.081232548E0,2.499600067E2,1.480477886E0,2.400000095E0,1.339999962E1,3.500000000E1
9.789151324E1,6.497856167E1,2.569438000E1,2.069447756E1,3.820000000E1,3.953581333E0,2.511799927E2,1.484854268E0,2.400000095E0,1.400000000E1,3.400000000E1
9.889151324E1,6.497855167E1,2.569429000E1,2.089447972E1,3.840000000E1,3.878432035E0,2.572200012E2,1.490711973E0,2.400000095E0,1.410000038E1,3.600000000E1
9.989151324E1,6.497852833E1,2.569417833E1,2.259447168E1,4.010000000E1,3.858357668E0,2.481900024E2,1.495659371E0,2.000000000E0,1.180000019E1,3.600000000E1
1.008915132E2,6.497852000E1,2.569407500E1,2.209447724E1,3.960000000E1,3.835710049E0,2.542100067E2,1.500035759E0,1.799999952E0,1.080000019E1,3.500000000E1
1.018915132E2,6.497851000E1,2.569398500E1,2.319447940E1,4.070000000E1,3.824900866E0,2.554700012E2,1.504101528E0,1.799999952E0,1.060000038E1,3.500000000E1
1.028915132E2,6.497850333E1,2.569390000E1,2.329448416E1,4.080000000E1,3.817179918E0,2.629500122E2,1.508167298E0,2.000000000E0,1.150000000E1,3.500000000E1
1.038915132E2,6.497849667E1,2.569381500E1,2.349448893E1,4.100000000E1,3.769310951E0,2.597200012E2,1.511459456E0,2.200000048E0,1.260000038E1,3.500000000E1
1.048915132E2,6.497849667E1,2.569374500E1,2.359449823E1,4.110000000E1,3.692102432E0,2.694100037E2,1.515474222E0,2.299999952E0,1.300000000E1,3.500000000E1
1.058915132E2,6.497850000E1,2.569366000E1,2.379451280E1,4.130000000E1,3.686440468E0,2.776199951E2,1.519454054E0,2.299999952E0,1.369999981E1,3.600000000E1
1.068915132E2,6.497851167E1,2.569358000E1,2.409453488E1,4.160000000E1,3.673057795E0,2.882300110E2,1.523802376E0,2.299999952E0,1.460000038E1,3.500000000E1
1.078915132E2,6.497853000E1,2.569349833E1,2.429456372E1,4.180000000E1,3.700852871E0,2.999500122E2,1.527674592E0,2.299999952E0,1.419999981E1,3.600000000E1
1.088915132E2,6.497854833E1,2.569342833E1,2.409459101E1,4.160000000E1,3.706000090E0,2.961099854E2,1.532119411E0,2.299999952E0,1.500000000E1,3.600000000E1
1.098915132E2,6.497857667E1,2.569336167E1,2.419462766E1,4.170000000E1,3.713206053E0,3.085100098E2,1.536136749E0,2.299999952E0,1.460000038E1,3.500000000E1
1.108915132E2,6.497860167E1,2.569330000E1,2.429466037E1,4.180000000E1,3.726074219E0,3.140000000E2,1.540445567E0,2.400000095E0,1.510000038E1,3.500000000E1
1.118915132E2,6.497862667E1,2.569323000E1,2.449469419E1,4.200000000E1,3.762104750E0,3.082399902E2,1.544818282E0,2.400000095E0,1.539999962E1,3.500000000E1
1.128915132E2,6.497865333E1,2.569316167E1,2.479472942E1,4.230000000E1,3.730706692E0,3.113299866E2,1.548709675E0,2.400000095E0,1.569999981E1,3.600000000E1
1.138915132E2,6.497867667E1,2.569310000E1,2.489476050E1,4.240000000E1,3.751810312E0,3.141300049E2,1.553643364E0,2.400000095E0,1.589999962E1,3.500000000E1
1.148915132E2,6.497870167E1,2.569301333E1,2.519479653E1,4.270000000E1,3.797105789E0,3.052300110E2,1.558134403E0,2.400000095E0,1.500000000E1,3.700000000E1
1.158915132E2,6.497872667E1,2.569293833E1,2.599483101E1,4.350000000E1,3.740486383E0,3.103599854E2,1.562073457E0,2.299999952E0,1.410000038E1,3.700000000E1
1.168915132E2,6.497874500E1,2.569286667E1,2.609485851E1,4.360000000E1,3.767766714E0,3.028800049E2,1.565783265E0,2.400000095E0,1.450000000E1,3.700000000E1
1.178915132E2,6.497876167E1,2.569279833E1,2.579488393E1,4.330000000E1,3.767766714E0,2.949200134E2,1.569698542E0,2.299999952E0,1.419999981E1,3.600000000E1
1.188915132E2,6.497877833E1,2.569272500E1,2.559491002E1,4.310000000E1,3.744089365E0,3.031199951E2,1.574046830E0,2.400000095E0,1.460000038E1,3.500000000E1
1.198915132E2,6.497879667E1,2.569264333E1,2.529493884E1,4.280000000E1,3.723500490E0,2.957000122E2,1.577786646E0,2.400000095E0,1.439999962E1,3.500000000E1
1.208915132E2,6.497881500E1,2.569257667E1,2.499496568E1,4.250000000E1,3.696734905E0,3.087399902E2,1.580633135E0,2.299999952E0,1.439999962E1,3.500000000E1
1.218915132E2,6.497882833E1,2.569252500E1,2.469498561E1,4.220000000E1,3.595334768E0,3.018500061E2,1.584438902E0,2.299999952E0,1.489999962E1,3.500000000E1
1.228915132E2,6.497884667E1,2.569245667E1,2.499501266E1,4.250000000E1,3.556730509E0,3.018900146E2,1.588354169E0,2.299999952E0,1.510000038E1,3.500000000E1
1.238915132E2,6.497886333E1,2.569238333E1,2.499503875E1,4.250000000E1,3.511949778E0,3.043599854E2,1.592308249E0,2.299999952E0,1.550000000E1,3.600000000E1
1.248915132E2,6.497888500E1,2.569231667E1,2.519506884E1,4.270000000E1,3.423417568E0,3.020899963E2,1.595901065E0,2.299999952E0,1.460000038E1,3.600000000E1
1.258915132E2,6.497890500E1,2.569225667E1,2.559509642E1,4.310000000E1,3.389960527E0,3.072500000E2,1.599277028E0,2.299999952E0,1.480000019E1,3.600000000E1
1.268915132E2,6.497892167E1,2.569219667E1,2.559512073E1,4.310000000E1,3.302457809E0,2.946499939E2,1.602330363E0,2.299999952E0,1.469999981E1,3.600000000E1
1.278915132E2,6.497894000E1,2.569214833E1,2.599514512E1,4.350000000E1,3.187160015E0,3.025799866E2,1.606817703E0,2.299999952E0,1.369999981E1,3.500000000E1
1.288915132E2,6.497895833E1,2.569206333E1,2.629517438E1,4.380000000E1,3.107378006E0,2.973299866E2,1.611133531E0,2.000000000E0,1.139999962E1,3.600000000E1
1.298915132E2,6.497898167E1,2.569199000E1,2.769520699E1,4.520000000E1,3.037375927E0,2.951400146E2,1.614390701E0,1.799999952E0,1.050000000E1,3.500000000E1
1.308915132E2,6.497899500E1,2.569192833E1,2.829522825E1,4.580000000E1,3.013698578E0,2.947799988E2,1.618507700E0,1.799999952E0,1.100000000E1,3.600000000E1
1.318915132E2,6.497900833E1,2.569184667E1,2.929525216E1,4.680000000E1,2.997742176E0,2.850199890E2,1.621613737E0,1.700000048E0,1.019999981E1,3.500000000E1
1.328915132E2,6.497901833E1,2.569178500E1,2.949527015E1,4.700000000E1,2.982300520E0,2.881000061E2,1.625064772E0,1.899999976E0,1.069999981E1,3.600000000E1
1.338915132E2,6.497902500E1,2.569171333E1,2.959528621E1,4.710000000E1,2.913842440E0,2.938200073E2,1.628142547E0,1.799999952E0,1.150000000E1,3.500000000E1
1.348915132E2,6.497904000E1,2.569165833E1,2.999530821E1,4.750000000E1,2.886047602E0,2.980799866E2,1.631766225E0,2.000000000E0,1.210000038E1,3.500000000E1
1.358915132E2,6.497905000E1,2.569158500E1,3.049532775E1,4.800000000E1,2.834060669E0,2.999200134E2,1.636138903E0,1.799999952E0,1.150000000E1,3.600000000E1
1.368915132E2,6.497907667E1,2.569151667E1,3.109536296E1,4.860000000E1,2.823765993E0,3.111600037E2,1.639550124E0,1.700000048E0,1.039999962E1,3.600000000E1
1.378915132E2,6.497909667E1,2.569146167E1,3.079538986E1,4.830000000E1,2.838178396E0,3.205400085E2,1.642512892E0,1.700000048E0,1.069999981E1,3.600000000E1
1.388915132E2,6.497911833E1,2.569142500E1,3.069541596E1,4.820000000E1,2.832516432E0,3.308699951E2,1.646225173E0,1.700000048E0,1.050000000E1,3.700000000E1
1.398915132E2,6.497915000E1,2.569140000E1,3.039545032E1,4.790000000E1,2.859796762E0,3.471799927E2,1.649491548E0,1.700000048E0,1.000000000E1,3.500000000E1
1.408915132E2,6.497917833E1,2.569138167E1,2.999548052E1,4.750000000E1,2.851046324E0,3.552500000E2,1.652827396E0,1.799999952E0,1.050000000E1,3.500000000E1
1.418915132E2,6.497920833E1,2.569138167E1,3.009550992E1,4.760000000E1,2.889135838E0,1.679999948E0,1.655981816E0,2.000000000E0,1.150000000E1,3.600000000E1
1.428915132E2,6.497923667E1,2.569138500E1,3.019553724E1,4.770000000E1,2.900974512E0,7.190000057E0,1.659534257E0,2.200000048E0,1.250000000E1,3.400000000E1
1.438915132E2,6.497926833E1,2.569139500E1,2.999556695E1,4.750000000E1,2.960682154E0,1.497999954E1,1.663126393E0,2.200000048E0,1.330000019E1,3.500000000E1
1.448915132E2,6.497929833E1,2.569142333E1,2.939559259E1,4.690000000E1,3.039949417E0,2.592000008E1,1.667523272E0,2.200000048E0,1.300000000E1,3.400000000E1
1.458915132E2,6.497933500E1,2.569145833E1,2.899562388E1,4.650000000E1,3.225249529E0,3.010000038E1,1.672121343E0,2.299999952E0,1.339999962E1,3.500000000E1
1.468915132E2,6.497937333E1,2.569149500E1,2.859565658E1,4.610000000E1,3.371945381E0,2.205999947E1,1.676863947E0,2.299999952E0,1.360000038E1,3.300000000E1
1.478915132E2,6.497941333E1,2.569153000E1,2.839569114E1,4.590000000E1,3.543862581E0,2.547999954E1,1.681707127E0,2.400000095E0,1.380000019E1,3.400000000E1
1.488915132E2,6.497945500E1,2.569156000E1,2.839572800E1,4.590000000E1,3.696220160E0,1.948999977E1,1.685417332E0,2.400000095E0,1.339999962E1,3.300000000E1
1.498915132E2,6.497948333E1,2.569160167E1,2.799575024E1,4.550000000E1,3.781664133E0,3.039999962E1,1.690204219E0,2.400000095E0,1.380000019E1,3.300000000E1
1.508915132E2,6.497952000E1,2.569165500E1,2.819577910E1,4.570000000E1,3.923727512E0,2.765999985E1,1.694815526E0,2.400000095E0,1.400000000E1,3.100000000E1
1.518915132E2,6.497955333E1,2.569171333E1,2.759580403E1,4.510000000E1,4.015862942E0,3.354000092E1,1.698172079E0,2.400000095E0,1.439999962E1,3.400000000E1
1.528915132E2,6.497957833E1,2.569175333E1,2.629582323E1,4.380000000E1,4.096673965E0,3.103000069E1,1.703130438E0,2.400000095E0,1.430000019E1,3.300000000E1
1.538915132E2,6.497961500E1,2.569181333E1,2.559585121E1,4.310000000E1,4.205280781E0,2.647999954E1,1.707760746E0,2.400000095E0,1.450000000E1,3.400000000E1
1.548915132E2,6.497965167E1,2.569186000E1,2.539588096E1,4.290000000E1,4.297930717E0,2.784000015E1,1.712190756E0,2.400000095E0,1.539999962E1,3.500000000E1
1.558915132E2,6.497968667E1,2.569190500E1,2.509590930E1,4.260000000E1,4.273738384E0,2.600000000E1,1.717302585E0,2.400000095E0,1.530000019E1,3.500000000E1
1.568915132E2,6.497972500E1,2.569196500E1,2.459593892E1,4.210000000E1,4.215575218E0,3.119000053E1,1.722133261E0,2.000000000E0,1.260000038E1,3.600000000E1
1.578915132E2,6.497976333E1,2.569201333E1,2.549597009E1,4.300000000E1,4.081747055E0,3.379999924E1,1.725189903E0,1.799999952E0,1.050000000E1,3.700000000E1
1.588915132E2,6.497978500E1,2.569205333E1,2.499598603E1,4.250000000E1,3.907256365E0,3.297000122E1,1.727519077E0,1.799999952E0,1.050000000E1,3.500000000E1
1.598915132E2,6.497980167E1,2.569208333E1,2.439599839E1,4.190000000E1,3.798650026E0,3.718000031E1,1.730111607E0,2.000000000E0,1.119999981E1,3.500000000E1
1.608915132E2,6.497982167E1,2.569211167E1,2.369601424E1,4.120000000E1,3.631365299E0,3.000000000E1,1.734459578E0,1.899999976E0,1.130000019E1,3.500000000E1
1.618915132E2,6.497985500E1,2.569216000E1,2.289604051E1,4.040000000E1,3.566510201E0,2.681999969E1,1.738748659E0,1.799999952E0,1.119999981E1,3.400000000E1
1.628915132E2,6.497989000E1,2.569219833E1,2.199606973E1,3.950000000E1,3.548495054E0,2.904999924E1,1.743473243E0,1.899999976E0,1.169999981E1,3.500000000E1
1.638915132E2,6.497992833E1,2.569224167E1,2.149610157E1,3.900000000E1,3.570113420E0,3.168000031E1,1.749507329E0,2.099999905E0,1.250000000E1,3.300000000E1
1.648915132E2,6.497997667E1,2.569230000E1,2.099614122E1,3.850000000E1,3.678205013E0,2.943000031E1,1.756572745E0,2.200000048E0,1.280000019E1,3.300000000E1
1.658915132E2,6.498003000E1,2.569238167E1,2.049618269E1,3.800000000E1,3.806885481E0,3.031999969E1,1.761678996E0,2.299999952E0,1.310000038E1,3.300000000E1
1.668915132E2,6.498007000E1,2.569243500E1,1.949621484E1,3.700000000E1,4.010715485E0,2.870999908E1,1.768964864E0,2.200000048E0,1.350000000E1,3.500000000E1
1.678915132E2,6.498012333E1,2.569252500E1,1.909625520E1,3.660000000E1,4.213001251E0,3.097999954E1,1.774433648E0,1.899999976E0,1.039999962E1,3.300000000E1
1.688915132E2,6.498016667E1,2.569258000E1,1.889629040E1,3.640000000E1,4.482715607E0,2.920000076E1,1.779818022E0,2.000000000E0,1.069999981E1,3.400000000E1
1.698915132E2,6.498020833E1,2.569263833E1,1.879632353E1,3.630000000E1,4.681398392E0,2.930999947E1,1.783773841E0,2.099999905E0,1.139999962E1,3.300000000E1
1.708915132E2,6.498024000E1,2.569267667E1,1.839634950E1,3.590000000E1,4.875448704E0,2.782999992E1,1.790621444E0,2.099999905E0,1.189999962E1,3.500000000E1
1.718915132E2,6.498029000E1,2.569276167E1,1.809638727E1,3.560000000E1,4.978393555E0,2.881999969E1,1.794414740E0,1.799999952E0,1.019999981E1,3.500000000E1
1.728915132E2,6.498032167E1,2.569279167E1,1.799641434E1,3.550000000E1,5.046336651E0,2.985000038E1,1.798938313E0,2.000000000E0,1.089999962E1,3.500000000E1
1.738915132E2,6.498035833E1,2.569283333E1,1.769644478E1,3.520000000E1,4.973760605E0,2.127000046E1,1.803130888E0,2.200000048E0,1.180000019E1,3.500000000E1
1.748915132E2,6.498039167E1,2.569287500E1,1.749647195E1,3.500000000E1,4.812138081E0,2.204000092E1,1.807445231E0,2.200000048E0,1.269999981E1,3.400000000E1
1.758915132E2,6.498042833E1,2.569290500E1,1.759650393E1,3.510000000E1,4.675736904E0,1.276000023E1,1.811218258E0,2.200000048E0,1.339999962E1,3.400000000E1
1.768915132E2,6.498046167E1,2.569292000E1,1.769653463E1,3.520000000E1,4.470362663E0,3.591099854E2,1.813571557E0,2.200000048E0,1.389999962E1,3.600000000E1
1.778915132E2,6.498048000E1,2.569289500E1,1.629655591E1,3.380000000E1,4.297415733E0,3.412200012E2,1.816889706E0,2.200000048E0,1.260000038E1,3.600000000E1
1.788915132E2,6.498050667E1,2.569286333E1,1.599658625E1,3.350000000E1,4.147631645E0,3.213900146E2,1.820578703E0,2.200000048E0,1.269999981E1,3.600000000E1
1.798915132E2,6.498053333E1,2.569281667E1,1.709661857E1,3.460000000E1,3.973655462E0,3.063500061E2,1.824049624E0,1.899999976E0,9.800000191E0,3.500000000E1
1.808915132E2,6.498055333E1,2.569276000E1,1.739664567E1,3.490000000E1,3.833136320E0,3.037399902E2,1.827557521E0,2.000000000E0,1.030000019E1,3.600000000E1
1.818915132E2,6.498057000E1,2.569269667E1,1.749667039E1,3.500000000E1,3.748207331E0,2.957300110E2,1.831267771E0,2.200000048E0,1.110000038E1,3.600000000E1
1.828915132E2,6.498059167E1,2.569263667E1,1.779669957E1,3.530000000E1,3.708573580E0,3.031499939E2,1.835277196E0,2.200000048E0,1.169999981E1,3.400000000E1
1.838915132E2,6.498061500E1,2.569257167E1,1.789673105E1,3.540000000E1,3.702396870E0,3.087000122E2,1.838920105E0,2.299999952E0,1.250000000E1,3.400000000E1
1.848915132E2,6.498064167E1,2.569252667E1,1.799676314E1,3.550000000E1,3.675116777E0,3.277399902E2,1.842943098E0,2.299999952E0,1.230000019E1,3.400000000E1
1.858915132E2,6.498067667E1,2.569250500E1,1.819680032E1,3.570000000E1,3.621070862E0,3.416499939E2,1.847291890E0,2.299999952E0,1.289999962E1,3.400000000E1
1.868915132E2,6.498071500E1,2.569248667E1,1.839684033E1,3.590000000E1,3.602540731E0,3.531300049E2,1.851783667E0,2.400000095E0,1.339999962E1,3.400000000E1
1.878915132E2,6.498075500E1,2.569250000E1,1.919687778E1,3.670000000E1,3.605114460E0,1.622999954E1,1.856817428E0,2.299999952E0,1.330000019E1,3.400000000E1
1.888915132E2,6.498080000E1,2.569251167E1,2.059692035E1,3.810000000E1,3.632394791E0,1.797999954E1,1.861587770E0,2.299999952E0,1.289999962E1,3.600000000E1
1.898915132E2,6.498084000E1,2.569254833E1,2.159695472E1,3.910000000E1,3.711147308E0,2.010000038E1,1.866181400E0,2.299999952E0,1.300000000E1,3.700000000E1
1.908915132E2,6.498087667E1,2.569259333E1,2.229698472E1,3.980000000E1,3.781149387E0,3.404000092E1,1.871527065E0,2.299999952E0,1.330000019E1,3.700000000E1
1.918915132E2,6.498092167E1,2.569263333E1,2.399702355E1,4.150000000E1,3.827474356E0,2.454999924E1,1.875920126E0,2.299999952E0,1.339999962E1,3.700000000E1
1.928915132E2,6.498095667E1,2.569267667E1,2.449705214E1,4.200000000E1,3.803282499E0,2.781999969E1,1.880346904E0,2.299999952E0,1.310000038E1,3.700000000E1
1.938915132E2,6.498099333E1,2.569271333E1,2.479708324E1,4.230000000E1,3.844460249E0,2.595000076E1,1.884866623E0,2.299999952E0,1.289999962E1,3.700000000E1
1.948915132E2,6.498102667E1,2.569276833E1,2.479710865E1,4.230000000E1,3.878432035E0,3.193000031E1,1.888658394E0,2.200000048E0,1.250000000E1,3.600000000E1
1.958915132E2,6.498105667E1,2.569280667E1,2.439713300E1,4.190000000E1,3.893873692E0,2.968000031E1,1.892726725E0,2.299999952E0,1.269999981E1,3.700000000E1
1.968915132E2,6.498108833E1,2.569285000E1,2.539715832E1,4.290000000E1,3.944831133E0,2.307999992E1,1.897074640E0,1.799999952E0,1.060000038E1,3.700000000E1
1.978915132E2,6.498112167E1,2.569289833E1,2.519718462E1,4.270000000E1,3.938139677E0,3.534999847E1,1.901130151E0,1.700000048E0,1.000000000E1,3.700000000E1
1.988915132E2,6.498115500E1,2.569293333E1,2.569721268E1,4.320000000E1,3.885637999E0,2.015999985E1,1.905185661E0,1.700000048E0,9.899999619E0,3.600000000E1
1.998915132E2,6.498118833E1,2.569296833E1,2.589724074E1,4.340000000E1,3.871740580E0,2.637999916E1,1.909944533E0,1.600000024E0,9.399999619E0,3.600000000E1
2.008915132E2,6.498122667E1,2.569301333E1,2.509727238E1,4.260000000E1,3.843945503E0,2.237999916E1,1.913938993E0,1.700000048E0,9.100000381E0,3.600000000E1
2.018915132E2,6.498126000E1,2.569304500E1,2.549730089E1,4.300000000E1,3.807914972E0,1.820000076E1,1.917968629E0,1.700000048E0,9.000000000E0,3.600000000E1
2.028915132E2,6.498129167E1,2.569308667E1,2.609732644E1,4.360000000E1,3.812547445E0,2.890999985E1,1.921621773E0,1.600000024E0,9.300000191E0,3.700000000E1
2.038915132E2,6.498132167E1,2.569311833E1,2.689735167E1,4.440000000E1,3.687469959E0,2.344000053E1,1.923618263E0,1.700000048E0,9.399999619E0,3.700000000E1
2.048915132E2,6.498133667E1,2.569314167E1,2.719736330E1,4.470000000E1,3.490331411E0,2.164999962E1,1.926251893E0,1.700000048E0,9.699999809E0,3.700000000E1
2.058915132E2,6.498135667E1,2.569317167E1,2.749737895E1,4.500000000E1,3.395107746E0,3.677000046E1,1.929570021E0,1.700000048E0,1.000000000E1,3.700000000E1
2.068915132E2,6.498138333E1,2.569320333E1,2.789740092E1,4.540000000E1,3.329223394E0,2.612999916E1,1.933212894E0,1.700000048E0,9.899999619E0,3.600000000E1
2.078915132E2,6.498141000E1,2.569324833E1,2.749742112E1,4.500000000E1,3.300913572E0,3.134000015E1,1.936968025E0,1.600000024E0,9.800000191E0,3.700000000E1
2.088915132E2,6.498144000E1,2.569328500E1,2.789744570E1,4.540000000E1,3.324076176E0,3.372000122E1,1.941055964E0,1.700000048E0,9.800000191E0,3.600000000E1
2.098915132E2,6.498147333E1,2.569332167E1,2.829747355E1,4.580000000E1,3.293707609E0,1.952000046E1,1.944847720E0,1.600000024E0,9.500000000E0,3.700000000E1
2.108915132E2,6.498150333E1,2.569336000E1,2.859749791E1,4.610000000E1,3.289074898E0,3.070999908E1,1.948702039E0,1.600000024E0,9.399999619E0,3.600000000E1
2.118915132E2,6.498153500E1,2.569339333E1,2.869752456E1,4.620000000E1,3.267971277E0,2.110000038E1,1.952457166E0,1.600000024E0,9.500000000E0,3.500000000E1
2.128915132E2,6.498156500E1,2.569343000E1,2.909754914E1,4.660000000E1,3.236573219E0,3.302999878E1,1.956649700E0,1.600000024E0,9.500000000E0,3.600000000E1
2.138915132E2,6.498159833E1,2.569347167E1,2.849757633E1,4.600000000E1,3.357018232E0,2.639999962E1,1.960997592E0,1.600000024E0,9.800000191E0,3.700000000E1
2.148915132E2,6.498163167E1,2.569352000E1,2.789760265E1,4.540000000E1,3.569083929E0,2.556999969E1,1.965231634E0,1.600000024E0,1.000000000E1,3.600000000E1
2.158915132E2,6.498166333E1,2.569357000E1,2.799762711E1,4.550000000E1,3.686955214E0,3.409999847E1,1.969118482E0,1.600000024E0,1.030000019E1,3.600000000E1
2.168915132E2,6.498169500E1,2.569360500E1,2.779765354E1,4.530000000E1,3.748721838E0,2.077000046E1,1.973074255E0,1.600000024E0,1.039999962E1,3.800000000E1
2.178915132E2,6.498172667E1,2.569364333E1,2.819767954E1,4.570000000E1,3.827474356E0,2.942000008E1,1.977363283E0,1.600000024E0,1.060000038E1,3.800000000E1
2.188915132E2,6.498176167E1,2.569368167E1,2.839770881E1,4.590000000E1,3.884608507E0,2.300000000E1,1.981355379E0,1.600000024E0,1.010000038E1,3.600000000E1
2.198915132E2,6.498179333E1,2.569372167E1,2.889773459E1,4.640000000E1,3.946375370E0,3.036000061E1,1.985862290E0,1.899999976E0,1.080000019E1,3.700000000E1
2.208915132E2,6.498182833E1,2.569377000E1,2.869776255E1,4.620000000E1,4.044687271E0,2.696999931E1,1.990255319E0,2.000000000E0,1.169999981E1,3.700000000E1
2.218915132E2,6.498186333E1,2.569381333E1,2.849779116E1,4.600000000E1,4.079688549E0,3.053000069E1,1.994767468E0,2.099999905E0,1.230000019E1,3.800000000E1
2.228915132E2,6.498189500E1,2.569387333E1,2.889781431E1,4.640000000E1,4.100791931E0,3.688000107E1,1.999160494E0,1.700000048E0,1.019999981E1,3.800000000E1
2.238915132E2,6.498193000E1,2.569391667E1,2.939784292E1,4.690000000E1,4.114689350E0,2.323999977E1,2.004031219E0,1.600000024E0,9.199999809E0,3.800000000E1
2.248915132E2,6.498196667E1,2.569397333E1,2.929787141E1,4.680000000E1,4.131675243E0,3.425999832E1,2.008353765E0,1.600000024E0,9.199999809E0,3.800000000E1
2.258915132E2,6.498200167E1,2.569401333E1,2.869790047E1,4.620000000E1,4.192412376E0,2.420999908E1,2.013380638E0,1.600000024E0,9.399999619E0,3.800000000E1
2.268915132E2,6.498204000E1,2.569407000E1,2.839793060E1,4.590000000E1,4.282488823E0,3.547999954E1,2.017968585E0,1.600000024E0,9.600000381E0,3.600000000E1
2.278915132E2,6.498207500E1,2.569412167E1,2.849795812E1,4.600000000E1,4.365873814E0,2.862000084E1,2.022839302E0,1.700000048E0,9.600000381E0,3.500000000E1
2.288915132E2,6.498211167E1,2.569417833E1,2.849798662E1,4.600000000E1,4.449773788E0,3.922000122E1,2.027012766E0,2.000000000E0,1.039999962E1,3.600000000E1
2.298915132E2,6.498214167E1,2.569423167E1,2.849800902E1,4.600000000E1,4.526981831E0,3.238000107E1,2.030531685E0,2.099999905E0,1.100000000E1,3.600000000E1
2.308915132E2,6.498217000E1,2.569426500E1,2.909803242E1,4.660000000E1,4.454920769E0,3.177000046E1,2.034324945E0,1.799999952E0,1.060000038E1,3.600000000E1
2.318915132E2,6.498220167E1,2.569429500E1,2.899805953E1,4.650000000E1,4.404478073E0,1.722999954E1,2.037860045E0,1.700000048E0,9.100000381E0,3.500000000E1
2.328915132E2,6.498223333E1,2.569430167E1,2.919808971E1,4.670000000E1,4.364329815E0,2.140000105E0,2.041451172E0,1.899999976E0,9.699999809E0,3.500000000E1
2.338915132E2,6.498226500E1,2.569428667E1,2.919812275E1,4.670000000E1,4.282488823E0,3.435299988E2,2.045005243E0,2.000000000E0,1.010000038E1,3.400000000E1
2.348915132E2,6.498229167E1,2.569424500E1,2.899815440E1,4.650000000E1,4.211971760E0,3.250199890E2,2.048426825E0,2.099999905E0,1.069999981E1,3.500000000E1
2.358915132E2,6.498231333E1,2.569419333E1,2.879818246E1,4.630000000E1,4.089982986E0,3.082699890E2,2.052257490E0,2.099999905E0,1.139999962E1,3.300000000E1
2.368915132E2,6.498233500E1,2.569413000E1,2.869821205E1,4.620000000E1,4.014318466E0,3.082600098E2,2.056763069E0,2.200000048E0,1.139999962E1,3.500000000E1
2.378915132E2,6.498235833E1,2.569405167E1,2.839824526E1,4.590000000E1,3.987038374E0,3.042600098E2,2.061431012E0,1.799999952E0,9.899999619E0,3.400000000E1
2.388915132E2,6.498238500E1,2.569397500E1,2.779828151E1,4.530000000E1,3.894902945E0,3.126900024E2,2.065380857E0,1.700000048E0,9.199999809E0,3.400000000E1
2.398915132E2,6.498240833E1,2.569391167E1,2.769831274E1,4.520000000E1,3.816150665E0,3.052999878E2,2.069651998E0,1.700000048E0,9.500000000E0,3.500000000E1
2.408915132E2,6.498243000E1,2.569383667E1,2.789834387E1,4.540000000E1,3.813062191E0,3.076900024E2,2.073960456E0,1.700000048E0,9.199999809E0,3.500000000E1
2.418915132E2,6.498245500E1,2.569376667E1,2.749837761E1,4.500000000E1,3.862990379E0,3.048999939E2,2.078053484E0,1.700000048E0,9.600000381E0,3.500000000E1
2.428915132E2,6.498248167E1,2.569370667E1,2.759841166E1,4.510000000E1,3.907771111E0,3.145199890E2,2.081884134E0,1.600000024E0,9.100000381E0,3.500000000E1
2.438915132E2,6.498250333E1,2.569364333E1,2.769844125E1,4.520000000E1,3.931962967E0,3.087099915E2,2.085910986E0,1.700000048E0,9.199999809E0,3.600000000E1
2.448915132E2,6.498253167E1,2.569359000E1,2.759847606E1,4.510000000E1,3.961302280E0,3.252799988E2,2.089740588E0,1.600000024E0,9.000000000E0,3.600000000E1
2.458915132E2,6.498256167E1,2.569355000E1,2.699851075E1,4.450000000E1,4.025642395E0,3.371000061E2,2.093265247E0,1.700000048E0,9.399999619E0,3.700000000E1
2.468915132E2,6.498259333E1,2.569354667E1,2.659854224E1,4.410000000E1,3.953066587E0,3.577300110E2,2.096553147E0,1.700000048E0,8.899999619E0,3.700000000E1
2.478915132E2,6.498262167E1,2.569356667E1,2.739856740E1,4.490000000E1,3.816665173E0,2.161000061E1,2.099609665E0,1.600000024E0,8.800000191E0,3.700000000E1
2.488915132E2,6.498264333E1,2.569360667E1,2.769858338E1,4.520000000E1,3.680778503E0,5.115999985E1,2.102728648E0,1.600000024E0,8.800000191E0,3.500000000E1
2.498915132E2,6.498265167E1,2.569367000E1,2.809858322E1,4.560000000E1,3.590187550E0,7.148000336E1,2.106118988E0,1.700000048E0,8.699999809E0,3.600000000E1
2.508915132E2,6.498264833E1,2.569374167E1,2.859857052E1,4.610000000E1,3.489816666E0,9.058000183E1,2.109667715E0,1.700000048E0,8.600000381E0,3.600000000E1
2.518915132E2,6.498263833E1,2.569381333E1,2.819855128E1,4.570000000E1,3.417240858E0,1.112300034E2,2.113721300E0,1.600000024E0,8.100000381E0,3.600000000E1
2.528915132E2,6.498262167E1,2.569389000E1,2.829852484E1,4.580000000E1,3.385328054E0,1.180899963E2,2.117295781E0,1.600000024E0,7.900000095E0,3.700000000E1
2.538915132E2,6.498260500E1,2.569395500E1,2.819849993E1,4.570000000E1,3.332826376E0,1.315899963E2,2.120776610E0,1.600000024E0,7.800000191E0,3.600000000E1
2.548915132E2,6.498258667E1,2.569401500E1,2.829847405E1,4.580000000E1,3.291133881E0,1.242300034E2,2.124620226E0,1.899999976E0,8.500000000E0,3.700000000E1
2.558915132E2,6.498256667E1,2.569408167E1,2.829844566E1,4.580000000E1,3.255618095E0,1.230999985E2,2.128274610E0,2.000000000E0,9.300000191E0,3.700000000E1
2.568915132E2,6.498254667E1,2.569414333E1,2.829841792E1,4.580000000E1,3.289589643E0,1.310599976E2,2.132054579E0,2.099999905E0,1.030000019E1,3.700000000E1
2.578915132E2,6.498252667E1,2.569420833E1,2.839838975E1,4.590000000E1,3.341061831E0,1.228700027E2,2.135599238E0,2.200000048E0,1.069999981E1,3.700000000E1
2.588915132E2,6.498250833E1,2.569427000E1,2.869836364E1,4.620000000E1,3.404887438E0,1.274700012E2,2.139076894E0,2.299999952E0,1.110000038E1,3.600000000E1
2.598915132E2,6.498248667E1,2.569432333E1,2.909833537E1,4.660000000E1,3.433712006E0,1.350399933E2,2.141710178E0,2.200000048E0,1.060000038E1,3.700000000E1
2.608915132E2,6.498247167E1,2.569436667E1,2.879831495E1,4.630000000E1,3.422388077E0,1.318500061E2,2.145022286E0,2.099999905E0,1.060000038E1,3.700000000E1
2.618915132E2,6.498245000E1,2.569441500E1,2.879828733E1,4.630000000E1,3.416726112E0,1.431999969E2,2.149882519E0,2.200000048E0,9.899999619E0,3.600000000E1
2.628915132E2,6.498241000E1,2.569445667E1,2.879824260E1,4.630000000E1,3.400769711E0,1.524799957E2,2.152730977E0,1.799999952E0,8.699999809E0,3.600000000E1
2.638915132E2,6.498238667E1,2.569448167E1,2.849821642E1,4.600000000E1,3.376063108E0,1.610800018E2,2.156443213E0,2.000000000E0,9.300000191E0,3.600000000E1
2.648915132E2,6.498235500E1,2.569450667E1,2.839818206E1,4.590000000E1,3.358562469E0,1.651399994E2,2.160050552E0,2.000000000E0,9.600000381E0,3.600000000E1
2.658915132E2,6.498232333E1,2.569452333E1,2.819814880E1,4.570000000E1,3.348782778E0,1.715899963E2,2.163954980E0,2.099999905E0,1.030000019E1,3.600000000E1
2.668915132E2,6.498228833E1,2.569453000E1,2.809811358E1,4.560000000E1,3.342091322E0,1.793099976E2,2.167910207E0,2.099999905E0,9.600000381E0,3.700000000E1
2.678915132E2,6.498225333E1,2.569451500E1,2.799808122E1,4.550000000E1,3.327679157E0,1.917200012E2,2.171896372E0,2.200000048E0,1.019999981E1,3.700000000E1
2.688915132E2,6.498221833E1,2.569449667E1,2.759804930E1,4.510000000E1,3.374518871E0,1.918899994E2,2.175920687E0,2.200000048E0,1.000000000E1,3.700000000E1
2.698915132E2,6.498218500E1,2.569446333E1,2.719802100E1,4.470000000E1,3.419299841E0,2.063999939E2,2.179986192E0,2.200000048E0,1.019999981E1,3.600000000E1
2.708915132E2,6.498215000E1,2.569443833E1,2.659798996E1,4.410000000E1,3.498566866E0,1.955000000E2,2.184412940E0,2.200000048E0,1.030000019E1,3.600000000E1
2.718915132E2,6.498211333E1,2.569440167E1,2.619795882E1,4.370000000E1,3.573201656E0,2.064400024E2,2.188579920E0,2.200000048E0,1.019999981E1,3.600000000E1
2.728915132E2,6.498207833E1,2.569437000E1,2.569792866E1,4.320000000E1,3.636512518E0,2.034600067E2,2.192466758E0,2.200000048E0,1.060000038E1,3.600000000E1
2.738915132E2,6.498204667E1,2.569433500E1,2.519790221E1,4.270000000E1,3.724529982E0,2.055899963E2,2.197031721E0,2.200000048E0,1.050000000E1,3.500000000E1
2.748915132E2,6.498201333E1,2.569427833E1,2.499787698E1,4.250000000E1,3.784752607E0,2.150299988E2,2.201899674E0,2.200000048E0,1.060000038E1,3.600000000E1
2.758915132E2,6.498197500E1,2.569422833E1,2.559784597E1,4.310000000E1,3.822327137E0,2.057799988E2,2.206207097E0,1.799999952E0,8.699999809E0,3.500000000E1
2.768915132E2,6.498194167E1,2.569418167E1,2.529781942E1,4.280000000E1,3.916521311E0,2.134400024E2,2.210866152E0,2.000000000E0,9.300000191E0,3.500000000E1
2.778915132E2,6.498190333E1,2.569414167E1,2.499778710E1,4.250000000E1,3.985494137E0,2.052299957E2,2.215214031E0,2.099999905E0,1.010000038E1,3.600000000E1
2.788915132E2,6.498187000E1,2.569409333E1,2.489776077E1,4.240000000E1,4.030789852E0,2.125700073E2,2.220044621E0,2.200000048E0,1.030000019E1,3.700000000E1
2.798915132E2,6.498183167E1,2.569404500E1,2.499772955E1,4.250000000E1,4.069908619E0,2.099299927E2,2.224769141E0,2.200000048E0,1.019999981E1,3.800000000E1
2.808915132E2,6.498179333E1,2.569400167E1,2.529769766E1,4.280000000E1,4.168735504E0,2.034499969E2,2.229714719E0,2.200000048E0,1.039999962E1,3.700000000E1
2.818915132E2,6.498175500E1,2.569394833E1,2.549766710E1,4.300000000E1,4.241311073E0,2.146399994E2,2.234405970E0,2.299999952E0,1.089999962E1,3.700000000E1
2.828915132E2,6.498171667E1,2.569390667E1,2.559763500E1,4.310000000E1,4.274767876E0,2.050099945E2,2.237652516E0,2.299999952E0,1.069999981E1,3.600000000E1
2.838915132E2,6.498168833E1,2.569389000E1,2.539760940E1,4.290000000E1,4.300504208E0,2.116100006E2,2.240769875E0,2.299999952E0,1.080000019E1,3.500000000E1
2.848915132E2,6.498166333E1,2.569386000E1,2.479758884E1,4.230000000E1,4.345799923E0,2.043999939E2,2.244999148E0,2.299999952E0,1.069999981E1,3.600000000E1
2.858915132E2,6.498163500E1,2.569380000E1,2.529756897E1,4.280000000E1,4.363814831E0,2.155099945E2,2.248628926E0,2.200000048E0,1.080000019E1,3.600000000E1
2.868915132E2,6.498160667E1,2.569376167E1,2.499754624E1,4.250000000E1,4.305136681E0,2.100800018E2,2.252824564E0,2.200000048E0,1.039999962E1,3.600000000E1
2.878915132E2,6.498157167E1,2.569372833E1,2.509751631E1,4.260000000E1,4.269105911E0,2.023099976E2,2.256454345E0,2.200000048E0,1.050000000E1,3.600000000E1
2.888915132E2,6.498154333E1,2.569369000E1,2.559749358E1,4.310000000E1,4.216089725E0,2.065500031E2,2.260822438E0,2.200000048E0,1.030000019E1,3.600000000E1
2.898915132E2,6.498150667E1,2.569365667E1,2.499746202E1,4.250000000E1,4.160499573E0,1.936600037E2,2.264845423E0,2.200000048E0,1.010000038E1,3.600000000E1
2.908915132E2,6.498147167E1,2.569363500E1,2.479743055E1,4.230000000E1,4.049319744E0,1.835000000E2,2.267814762E0,2.200000048E0,9.800000191E0,3.800000000E1
2.918915132E2,6.498144500E1,2.569363833E1,2.479740396E1,4.230000000E1,3.967478991E0,1.744100037E2,2.271154290E0,2.200000048E0,9.800000191E0,3.700000000E1
2.928915132E2,6.498141500E1,2.569364167E1,2.479737410E1,4.230000000E1,3.858357668E0,1.700500031E2,2.275096298E0,2.200000048E0,1.000000000E1,3.700000000E1
2.938915132E2,6.498138000E1,2.569365500E1,2.439733801E1,4.190000000E1,3.823871374E0,1.625299988E2,2.279554177E0,2.200000048E0,9.800000191E0,3.700000000E1
2.948915132E2,6.498134333E1,2.569369333E1,2.449729699E1,4.200000000E1,3.774972677E0,1.552299957E2,2.283581097E0,2.200000048E0,9.699999809E0,3.600000000E1
2.958915132E2,6.498131500E1,2.569374667E1,2.449726216E1,4.200000000E1,3.761075258E0,1.373200073E2,2.287802170E0,2.099999905E0,9.300000191E0,3.600000000E1
2.968915132E2,6.498128500E1,2.569380167E1,2.489722547E1,4.240000000E1,3.721441746E0,1.371000061E2,2.291599181E0,2.099999905E0,9.399999619E0,3.700000000E1
2.978915132E2,6.498126000E1,2.569385667E1,2.509719369E1,4.260000000E1,3.696220160E0,1.326199951E2,2.295857789E0,2.099999905E0,9.399999619E0,3.700000000E1
2.988915132E2,6.498123333E1,2.569392167E1,2.509715895E1,4.260000000E1,3.689528942E0,1.213499985E2,2.299690919E0,2.000000000E0,9.500000000E0,3.800000000E1
2.998915132E2,6.498121000E1,2.569398167E1,2.519712814E1,4.270000000E1,3.701367617E0,1.350599976E2,2.303283543E0,2.099999905E0,9.300000191E0,3.700000000E1
3.008915132E2,6.498119000E1,2.569404167E1,2.609710059E1,4.360000000E1,3.710117817E0,1.240100021E2,2.307237406E0,2.000000000E0,9.300000191E0,3.800000000E1
3.018915132E2,6.498116833E1,2.569410833E1,2.609707054E1,4.360000000E1,3.731221437E0,1.188000031E2,2.310911530E0,2.099999905E0,9.500000000E0,3.800000000E1
3.028915132E2,6.498115000E1,2.569417333E1,2.609704397E1,4.360000000E1,3.774458170E0,1.288300018E2,2.314742296E0,2.099999905E0,9.199999809E0,3.800000000E1
3.038915132E2,6.498112833E1,2.569423667E1,2.629701435E1,4.380000000E1,3.778061152E0,1.207099991E2,2.318874018E0,2.099999905E0,9.199999809E0,3.800000000E1
3.048915132E2,6.498110333E1,2.569430167E1,2.659698123E1,4.410000000E1,3.785267115E0,1.302899933E2,NaN,2.099999905E0,9.500000000E0,3.800000000E1
